ISO3,Year,Country,INFORM_Mean,Crisis_Type,UN_Region,Actual_Funding,Predicted_Funding,Funding_Gap,Gap_Percentage,Funding_Status,Effectiveness_Score,Effectiveness_Category
AFG,2020.0,Afghanistan,4.6,Conflict,Asia,741697870.0,1415103417.3151503,673405547.3151503,47.58702007750008,Underfunded,46.06679923542251,Moderately Effective
AFG,2021.0,Afghanistan,4.65,Conflict,Asia,2037763478.0,2029415343.1107492,-8348134.889250755,-0.4113566460207442,Adequately Funded,63.99999999999999,Highly Effective
AFG,2022.0,Afghanistan,4.541666666666667,Earthquake,Asia,3821708995.0,2495381834.528451,-1326327160.471549,-53.15127096459702,Well Funded,59.31754417293233,Moderately Effective
AFG,2023.0,Afghanistan,4.454545454545454,Conflict,Asia,1923273437.0,1772930427.9247835,-150343009.07521653,-8.479915889942346,Adequately Funded,43.77589607720658,Needs Improvement
AFG,2024.0,Afghanistan,4.4,Complex Emergency,Asia,1696053535.0,1188778651.8078022,-507274883.1921978,-42.67193748985764,Well Funded,52.97857807746275,Moderately Effective
AFG,2025.0,Afghanistan,4.483333333333333,Conflict,Asia,1127519120.0,1123450267.3783503,-4068852.621649742,-0.3621746987647877,Adequately Funded,43.53779650294153,Needs Improvement
AGO,2021.0,Angola,3.2,Drought,Sub-Saharan Africa,14245845.0,24463987.562472332,10218142.562472332,41.76809907370508,Underfunded,43.91912348460674,Needs Improvement
AGO,2022.0,Angola,3.1833333333333336,Drought,Sub-Saharan Africa,24805437.0,27176359.912197616,2370922.912197616,8.72421074734689,Adequately Funded,65.46197000537714,Highly Effective
AGO,2023.0,Angola,3.1090909090909093,Complex Emergency,Sub-Saharan Africa,18322282.0,29433412.68762456,11111130.687624559,37.750059109850675,Underfunded,51.55065350356091,Moderately Effective
AGO,2024.0,Angola,2.9416666666666664,Drought,Sub-Saharan Africa,10103738.0,70294209.52691509,60190471.52691509,85.62650029355355,Severely Underfunded,41.91554797775307,Needs Improvement
AGO,2025.0,Angola,3.091666666666667,Complex Emergency,Sub-Saharan Africa,11182886.0,20750416.139919277,9567530.139919277,46.10765430151271,Underfunded,37.40757185995046,Needs Improvement
ARM,2020.0,Armenia,,Complex Emergency,Europe,0.0,38717666.48803859,38717666.48803859,100.0,No Funding Data,40.0,Needs Improvement
ARM,2021.0,Armenia,1.6833333333333331,Conflict,Europe,0.0,44757441.566696666,44757441.566696666,100.0,No Funding Data,42.5,Needs Improvement
ARM,2022.0,Armenia,1.4,Complex Emergency,Europe,0.0,46450598.604471974,46450598.604471974,100.0,No Funding Data,47.5,Moderately Effective
ARM,2023.0,Armenia,1.6909090909090911,Complex Emergency,Europe,0.0,51695779.158458106,51695779.158458106,100.0,No Funding Data,15.000000000000009,Critical - Underfunded
ARM,2024.0,Armenia,2.216666666666667,Complex Emergency,Europe,0.0,57905226.97038354,57905226.97038354,100.0,No Funding Data,42.49999999999999,Needs Improvement
ARM,2025.0,Armenia,2.1666666666666665,Complex Emergency,Europe,0.0,50832101.05222423,50832101.05222423,100.0,No Funding Data,42.5,Needs Improvement
AZE,2020.0,Azerbaijan,,Complex Emergency,Europe,0.0,51097048.964565895,51097048.964565895,100.0,No Funding Data,40.0,Needs Improvement
AZE,2021.0,Azerbaijan,,Conflict,Europe,0.0,51059925.341144174,51059925.341144174,100.0,No Funding Data,40.0,Needs Improvement
AZE,2022.0,Azerbaijan,1.8,Complex Emergency,Europe,0.0,50960364.1751028,50960364.1751028,100.0,No Funding Data,40.0,Needs Improvement
AZE,2023.0,Azerbaijan,2.0545454545454547,Complex Emergency,Europe,0.0,41437193.37958725,41437193.37958725,100.0,No Funding Data,30.0,Needs Improvement
AZE,2024.0,Azerbaijan,1.8,Complex Emergency,Europe,0.0,45975368.7827271,45975368.7827271,100.0,No Funding Data,55.0,Moderately Effective
BDI,2020.0,Burundi,3.325,Complex Emergency,Sub-Saharan Africa,110941703.0,98426668.60324484,-12515034.396755159,-12.71508481832593,Adequately Funded,40.83380243363838,Needs Improvement
BDI,2021.0,Burundi,3.766666666666666,Flood,Sub-Saharan Africa,103301459.0,164462223.78939757,61160764.78939757,37.1883362514404,Underfunded,33.18360134885249,Needs Improvement
BDI,2022.0,Burundi,3.5666666666666664,Drought,Sub-Saharan Africa,109341278.0,157984396.48563734,48643118.48563734,30.789824544514165,Underfunded,46.96769691913766,Moderately Effective
BDI,2023.0,Burundi,3.4,Complex Emergency,Sub-Saharan Africa,128221437.0,99957049.98298353,-28264387.01701647,-28.276531792232902,Well Funded,40.73343240037754,Needs Improvement
BDI,2024.0,Burundi,3.2999999999999994,Flood,Sub-Saharan Africa,62509154.0,79209137.69882005,16699983.698820055,21.08340550596453,Underfunded,48.05571858544004,Moderately Effective
BDI,2025.0,Burundi,3.325,Complex Emergency,Sub-Saharan Africa,37288993.0,45138417.321128264,7849424.321128264,17.38967555128285,Adequately Funded,24.46591599603343,Critical - Underfunded
BEN,2024.0,Benin,1.95,Complex Emergency,Sub-Saharan Africa,8958619.0,26931712.4002307,17973093.4002307,66.73579879783931,Severely Underfunded,30.0,Needs Improvement
BEN,2025.0,Benin,2.246666666666667,Complex Emergency,Sub-Saharan Africa,7798119.0,12081581.25139228,4283462.251392281,35.45448366618943,Underfunded,28.0,Critical - Underfunded
BFA,2020.0,Burkina Faso,3.86,Complex Emergency,Sub-Saharan Africa,319111192.0,280777313.9918349,-38333878.00816512,-13.652768973094418,Adequately Funded,51.35923279149529,Moderately Effective
BFA,2021.0,Burkina Faso,3.991666666666666,Complex Emergency,Sub-Saharan Africa,393147528.0,304441137.70788723,-88706390.29211277,-29.137451975109546,Well Funded,42.57159323708928,Needs Improvement
BFA,2022.0,Burkina Faso,3.875,Complex Emergency,Sub-Saharan Africa,408847616.0,256070430.47893038,-152777185.52106962,-59.662173893068925,Well Funded,41.93022893420586,Needs Improvement
BFA,2023.0,Burkina Faso,3.954545454545455,Conflict,Sub-Saharan Africa,426010389.0,370269717.6539167,-55740671.34608328,-15.05407239329869,Adequately Funded,33.72491186084086,Needs Improvement
BFA,2024.0,Burkina Faso,4.166666666666667,Conflict,Sub-Saharan Africa,493265467.0,405196634.037826,-88068832.962174,-21.73483824003152,Well Funded,64.02789792175007,Highly Effective
BFA,2025.0,Burkina Faso,4.083333333333333,Conflict,Sub-Saharan Africa,318628105.0,289114664.8370922,-29513440.16290778,-10.208212779361348,Adequately Funded,54.83713518015546,Moderately Effective
BGD,2020.0,Bangladesh,3.0,Flood,Asia,829188025.0,194584151.2306517,-634603873.7693483,-326.13338226971837,Well Funded,42.07938858494316,Needs Improvement
BGD,2021.0,Bangladesh,3.2416666666666667,Complex Emergency,Asia,783107844.0,304441537.480811,-478666306.519189,-157.22766035149175,Well Funded,54.66839684331853,Moderately Effective
BGD,2022.0,Bangladesh,3.3166666666666664,Flood,Asia,703374693.0,375862021.36983615,-327512671.63016385,-87.13640990822584,Well Funded,52.90948533602878,Moderately Effective
BGD,2023.0,Bangladesh,3.5375,Flood,Asia,693718186.0,409131878.51769763,-284586307.48230237,-69.55857571240128,Well Funded,43.55897732456389,Needs Improvement
BGD,2024.0,Bangladesh,3.983333333333333,Flood,Asia,676856314.0,580993857.9023961,-95862456.09760392,-16.499736579609127,Adequately Funded,50.142740031432815,Moderately Effective
BGD,2025.0,Bangladesh,3.4250000000000003,Complex Emergency,Asia,511973668.0,47563683.077209644,-464409984.92279035,-976.3961806088867,Well Funded,40.02536976550796,Needs Improvement
BGR,2023.0,Bulgaria,1.5,Complex Emergency,Europe,0.0,37449424.05379957,37449424.05379957,100.0,No Funding Data,40.0,Needs Improvement
BGR,2024.0,Bulgaria,1.5916666666666668,Complex Emergency,Europe,0.0,45053811.42809371,45053811.42809371,100.0,No Funding Data,40.0,Needs Improvement
BGR,2025.0,Bulgaria,1.52,Complex Emergency,Europe,0.0,44448048.229710445,44448048.229710445,100.0,No Funding Data,40.0,Needs Improvement
BLR,2023.0,Belarus,1.8,Complex Emergency,Europe,0.0,36892379.61443651,36892379.61443651,100.0,No Funding Data,40.0,Needs Improvement
BLR,2024.0,Belarus,1.8583333333333327,Complex Emergency,Europe,0.0,39493930.191997126,39493930.191997126,100.0,No Funding Data,37.5,Needs Improvement
BLR,2025.0,Belarus,1.7833333333333332,Complex Emergency,Europe,0.0,38205910.71833437,38205910.71833437,100.0,No Funding Data,45.0,Moderately Effective
BOL,2025.0,Bolivia,2.9,Flood,LAC,2887212.0,18063572.545083247,15176360.545083247,84.01638439575522,Severely Underfunded,23.029983788488387,Critical - Underfunded
BRA,2020.0,Brazil,2.3,Complex Emergency,LAC,71292757.0,51275108.01283627,-20017648.98716373,-39.039701256509275,Well Funded,65.0,Highly Effective
BRA,2021.0,Brazil,2.4916666666666667,Complex Emergency,LAC,63111056.0,55014494.05533402,-8096561.944665983,-14.717143334122817,Adequately Funded,44.37378243736502,Needs Improvement
BRA,2022.0,Brazil,2.5166666666666666,Complex Emergency,LAC,36402195.0,45121835.14125519,8719640.141255192,19.324657594173885,Adequately Funded,20.947028892816355,Critical - Underfunded
BRA,2023.0,Brazil,2.663636363636364,Complex Emergency,LAC,43414721.0,45482636.686677605,2067915.686677605,4.546604676688239,Adequately Funded,32.56734459399223,Needs Improvement
BRA,2024.0,Brazil,2.441666666666667,Complex Emergency,LAC,59330316.0,49424759.15087275,-9905556.849127248,-20.04168966992798,Well Funded,38.60917566240077,Needs Improvement
BRA,2025.0,Brazil,2.6500000000000004,Complex Emergency,LAC,19003919.0,19661678.114666536,657759.1146665365,3.3453864458084284,Adequately Funded,17.21537613071279,Critical - Underfunded
CAF,2020.0,CAR,4.0,Complex Emergency,Sub-Saharan Africa,439115454.0,398015398.36021847,-41100055.639781535,-10.326247629893073,Adequately Funded,53.62423696849344,Moderately Effective
CAF,2021.0,CAR,4.183333333333333,Complex Emergency,Sub-Saharan Africa,522168777.0,465892934.0111253,-56275842.988874674,-12.079136402513207,Adequately Funded,62.0,Highly Effective
CAF,2022.0,CAR,4.166666666666667,Conflict,Sub-Saharan Africa,511715028.0,468494513.1119597,-43220514.888040304,-9.225404711988926,Adequately Funded,67.0,Highly Effective
CAF,2023.0,CAR,4.1454545454545455,Complex Emergency,Sub-Saharan Africa,416695044.0,446832381.8325456,30137337.83254558,6.744662888787638,Adequately Funded,52.97389510098669,Moderately Effective
CAF,2024.0,CAR,4.066666666666666,Complex Emergency,Sub-Saharan Africa,286791668.0,385591290.18344957,98799622.18344957,25.622887419589922,Underfunded,74.11461536996292,Highly Effective
CAF,2025.0,CAR,4.0,Complex Emergency,Sub-Saharan Africa,139009552.0,221143644.65870827,82134092.65870827,37.14060731225901,Underfunded,58.44846224816848,Moderately Effective
CHL,2022.0,Chile,2.409090909090909,Complex Emergency,LAC,12096511.0,16472748.407503791,4376237.407503791,26.566528543046857,Underfunded,18.186663268841063,Critical - Underfunded
CHL,2023.0,Chile,2.5454545454545454,Complex Emergency,LAC,19060701.0,13284874.196304021,-5775826.803695979,-43.47671433202483,Well Funded,21.989738273524686,Critical - Underfunded
CHL,2024.0,Chile,2.558333333333333,Complex Emergency,LAC,13255313.0,14314448.17464322,1059135.1746432204,7.399063950780755,Adequately Funded,19.48208049593726,Critical - Underfunded
CHL,2025.0,Chile,2.658333333333333,Complex Emergency,LAC,2691702.0,6070527.549047555,3378825.549047555,55.65950441288552,Severely Underfunded,10.843491833072074,Critical - Underfunded
CHN,2020.0,China,3.0,Complex Emergency,Asia,0.0,90815381.75310174,90815381.75310174,100.0,No Funding Data,40.0,Needs Improvement
CIV,2025.0,CÃ´te d'Ivoire,2.1375,Complex Emergency,Sub-Saharan Africa,26623086.0,18533582.071368497,-8089503.928631503,-43.6478166901612,Well Funded,32.0,Needs Improvement
CMR,2020.0,Cameroon,3.7,Complex Emergency,Sub-Saharan Africa,230698348.0,175098152.41984838,-55600195.58015162,-31.75373058582257,Well Funded,42.45780496068808,Needs Improvement
CMR,2021.0,Cameroon,4.025,Complex Emergency,Sub-Saharan Africa,241481675.0,285265624.70384896,43783949.70384896,15.348484329054246,Adequately Funded,40.73443124306233,Needs Improvement
CMR,2022.0,Cameroon,4.108333333333333,Complex Emergency,Sub-Saharan Africa,271725406.0,291389235.34146744,19663829.34146744,6.748303285268648,Adequately Funded,52.74219989880973,Moderately Effective
CMR,2023.0,Cameroon,4.0,Complex Emergency,Sub-Saharan Africa,168675111.0,227696489.29009274,59021378.29009274,25.921075232256914,Underfunded,31.77659298503273,Needs Improvement
CMR,2024.0,Cameroon,3.858333333333333,Flood,Sub-Saharan Africa,199525979.0,231429736.52724272,31903757.52724272,13.785504838738463,Adequately Funded,68.54987479000846,Highly Effective
CMR,2025.0,Cameroon,3.908333333333333,Complex Emergency,Sub-Saharan Africa,111707940.0,198334097.224699,86626157.22469899,43.67688583902821,Underfunded,32.07262511992272,Needs Improvement
COD,2020.0,DRC,4.5,Complex Emergency,Sub-Saharan Africa,1184922841.0,1122006831.6118355,-62916009.38816452,-5.607453325197815,Adequately Funded,41.496621498544975,Needs Improvement
COD,2021.0,DRC,4.55,Conflict,Sub-Saharan Africa,1110696154.0,1484229501.9640906,373533347.9640906,25.166818707604953,Underfunded,39.785761621039846,Needs Improvement
COD,2022.0,DRC,4.341666666666667,Complex Emergency,Sub-Saharan Africa,1110929800.0,1244395075.562444,133465275.56244397,10.725313703296365,Adequately Funded,46.471681924927424,Moderately Effective
COD,2023.0,DRC,4.409090909090909,Complex Emergency,Sub-Saharan Africa,1098387531.0,1140192302.7637606,41804771.76376057,3.6664667584957558,Adequately Funded,35.81748171476737,Needs Improvement
COD,2024.0,DRC,4.358333333333333,Flood,Sub-Saharan Africa,1494639845.0,1283057714.821702,-211582130.178298,-16.490460852550203,Adequately Funded,66.85472666579629,Highly Effective
COD,2025.0,DRC,4.366666666666666,Complex Emergency,Sub-Saharan Africa,688183984.0,877268163.4595021,189084179.4595021,21.553749165346396,Underfunded,33.73833969656533,Needs Improvement
COG,2020.0,Congo,2.175,Flood,Sub-Saharan Africa,20113199.0,18319922.25787252,-1793276.7421274818,-9.788670043929182,Adequately Funded,66.0,Highly Effective
COG,2021.0,Congo,3.3000000000000003,Complex Emergency,Sub-Saharan Africa,10244816.0,26746090.948019136,16501274.948019136,61.69602496338348,Severely Underfunded,58.854951645072944,Moderately Effective
COG,2022.0,Congo,2.6666666666666665,Complex Emergency,Sub-Saharan Africa,21360714.0,25011706.57640514,3650992.5764051415,14.597135006570541,Adequately Funded,75.0,Highly Effective
COG,2023.0,Congo,2.2545454545454544,Complex Emergency,Sub-Saharan Africa,15164707.0,17576860.044696953,2412153.044696953,13.72345822042723,Adequately Funded,53.60447660422392,Moderately Effective
COG,2024.0,Congo,2.6083333333333334,Flood,Sub-Saharan Africa,34443392.0,30636618.176185474,-3806773.823814526,-12.425567998146795,Adequately Funded,62.0,Highly Effective
COG,2025.0,Congo,2.7,Complex Emergency,Sub-Saharan Africa,32497443.0,28421065.178609047,-4076377.821390953,-14.34280452113039,Adequately Funded,65.0,Highly Effective
COL,2020.0,Colombia,4.1,Conflict,LAC,520447814.0,482888606.2952153,-37559207.70478469,-7.77802731626738,Adequately Funded,64.73619204038955,Highly Effective
COL,2021.0,Colombia,3.991666666666666,Flood,LAC,505949697.0,565598551.5756705,59648854.57567048,10.546146981723691,Adequately Funded,41.14380918218557,Needs Improvement
COL,2022.0,Colombia,3.9416666666666655,Conflict,LAC,486991044.0,432145924.6931472,-54845119.30685282,-12.691342477843929,Adequately Funded,36.66895254357885,Needs Improvement
COL,2023.0,Colombia,3.9818181818181815,Conflict,LAC,437608268.0,316673406.6863203,-120934861.3136797,-38.18914337618229,Well Funded,36.38373738483173,Needs Improvement
COL,2024.0,Colombia,3.9666666666666655,Complex Emergency,LAC,456420792.0,312960354.0209073,-143460437.97909272,-45.83981201961091,Well Funded,61.65089436787162,Highly Effective
COL,2025.0,Colombia,3.9785714285714286,Complex Emergency,LAC,203739036.0,446450395.7719812,242711359.77198118,54.364686888068725,Severely Underfunded,42.27088547288133,Needs Improvement
CRI,2020.0,Costa Rica,1.1,Complex Emergency,LAC,9762846.0,13606272.782846987,3843426.7828469872,28.247462359363233,Underfunded,19.000288837119164,Critical - Underfunded
CRI,2021.0,Costa Rica,1.1416666666666668,Complex Emergency,LAC,16945411.0,14697407.635137664,-2248003.364862336,-15.2952372327753,Adequately Funded,65.0,Highly Effective
CRI,2022.0,Costa Rica,1.616666666666667,Complex Emergency,LAC,22922763.0,14634525.958417047,-8288237.041582953,-56.63481731580089,Well Funded,55.0,Moderately Effective
CRI,2023.0,Costa Rica,2.0454545454545454,Complex Emergency,LAC,25839315.0,10583513.660473492,-15255801.339526508,-144.14684790839098,Well Funded,65.0,Highly Effective
CRI,2024.0,Costa Rica,2.2,Complex Emergency,LAC,23539814.0,12570954.244511615,-10968859.755488385,-87.25558571082466,Well Funded,65.0,Highly Effective
CRI,2025.0,Costa Rica,2.1083333333333334,Complex Emergency,LAC,1059282.0,3444039.1533667985,2384757.1533667985,69.24303258967092,Severely Underfunded,14.082021523917753,Critical - Underfunded
CUB,2025.0,Cuba,3.033333333333333,Storm,LAC,23200494.0,48188909.38813992,24988415.38813992,51.85511709109145,Severely Underfunded,30.0,Needs Improvement
CZE,2023.0,Czech Republic,1.8,Complex Emergency,Europe,0.0,41157776.861939505,41157776.861939505,100.0,No Funding Data,40.0,Needs Improvement
CZE,2024.0,Czech Republic,1.8166666666666669,Complex Emergency,Europe,0.0,41958878.71656421,41958878.71656421,100.0,No Funding Data,37.5,Needs Improvement
CZE,2025.0,Czech Republic,1.9,Complex Emergency,Europe,0.0,38874765.751770556,38874765.751770556,100.0,No Funding Data,40.0,Needs Improvement
DJI,2020.0,Djibouti,2.95,Flood,Sub-Saharan Africa,33791027.0,34061733.997514255,270706.99751425534,0.794754012035943,Adequately Funded,51.01409238393073,Moderately Effective
DJI,2021.0,Djibouti,2.7416666666666667,Complex Emergency,Sub-Saharan Africa,21278643.0,27568347.30901657,6289704.30901657,22.81494874725205,Underfunded,67.0,Highly Effective
DJI,2022.0,Djibouti,2.6166666666666667,Drought,Sub-Saharan Africa,70542587.0,31684231.99564864,-38858355.00435136,-122.6425655817947,Well Funded,66.0,Highly Effective
DJI,2023.0,Djibouti,2.8000000000000003,Drought,Sub-Saharan Africa,63649642.0,45760677.97178726,-17888964.02821274,-39.09243660953142,Well Funded,63.0,Highly Effective
DJI,2024.0,Djibouti,2.8666666666666667,Complex Emergency,Sub-Saharan Africa,28597878.0,37877083.63723641,9279205.637236409,24.498205104983736,Underfunded,66.0,Highly Effective
DJI,2025.0,Djibouti,2.7416666666666667,Complex Emergency,Sub-Saharan Africa,22392579.0,25278271.788377453,2885692.7883774526,11.41570441419278,Adequately Funded,66.0,Highly Effective
DOM,2022.0,Dominican Republic,2.0181818181818185,Complex Emergency,LAC,9005991.0,7948380.286687133,-1057610.713312867,-13.305990342262259,Adequately Funded,27.304680993437835,Critical - Underfunded
DOM,2023.0,Dominican Republic,1.9727272727272729,Complex Emergency,LAC,13388427.0,9328371.511413189,-4060055.4885868113,-43.52373277178515,Well Funded,43.46466463735598,Needs Improvement
DOM,2024.0,Dominican Republic,1.8,Complex Emergency,LAC,13344369.0,11465913.282979036,-1878455.7170209642,-16.382957647250844,Adequately Funded,47.73390471773874,Moderately Effective
DOM,2025.0,Dominican Republic,1.8916666666666664,Complex Emergency,LAC,5231250.0,4346779.678440127,-884470.3215598734,-20.3477145608924,Well Funded,34.820671172220926,Needs Improvement
DZA,2020.0,Algeria,,Complex Emergency,MENA,0.0,111540671.34878276,111540671.34878276,100.0,No Funding Data,40.0,Needs Improvement
DZA,2021.0,Algeria,,Complex Emergency,MENA,0.0,95676824.04988529,95676824.04988529,100.0,No Funding Data,40.0,Needs Improvement
DZA,2022.0,Algeria,2.66,Complex Emergency,MENA,0.0,71705120.11865737,71705120.11865737,100.0,No Funding Data,37.5,Needs Improvement
DZA,2023.0,Algeria,2.6272727272727274,Complex Emergency,MENA,0.0,57590020.26743978,57590020.26743978,100.0,No Funding Data,45.0,Moderately Effective
DZA,2024.0,Algeria,2.708333333333333,Complex Emergency,MENA,0.0,110308831.59019169,110308831.59019169,100.0,No Funding Data,35.00000000000001,Needs Improvement
DZA,2025.0,Algeria,2.7,Complex Emergency,MENA,0.0,39761280.858854055,39761280.858854055,100.0,No Funding Data,44.99999999999999,Needs Improvement
ECU,2020.0,Ecuador,2.4,Complex Emergency,LAC,126407929.0,21541011.70487391,-104866917.2951261,-486.82447571113255,Well Funded,65.0,Highly Effective
ECU,2021.0,Ecuador,2.35,Complex Emergency,LAC,89725059.0,35613792.34751785,-54111266.65248215,-151.9390749641789,Well Funded,29.86925322442464,Critical - Underfunded
ECU,2022.0,Ecuador,2.6166666666666667,Complex Emergency,LAC,96328039.0,50351243.23248176,-45976795.76751824,-91.31213613779937,Well Funded,24.37770451066693,Critical - Underfunded
ECU,2023.0,Ecuador,2.7,Complex Emergency,LAC,84295221.0,41295428.72464834,-42999792.27535166,-104.12724508096952,Well Funded,27.406804981217203,Critical - Underfunded
ECU,2024.0,Ecuador,2.6583333333333337,Complex Emergency,LAC,112217012.0,30828170.77812339,-81388841.2218766,-264.00801334483526,Well Funded,30.3724790042033,Needs Improvement
ECU,2025.0,Ecuador,3.463636363636364,Complex Emergency,LAC,30368800.0,55498406.523743905,25129606.523743905,45.279870356264546,Underfunded,17.271881170742027,Critical - Underfunded
EGY,2020.0,Egypt,2.3,Complex Emergency,MENA,92624128.0,74786121.01439604,-17838006.98560396,-23.85202861660683,Well Funded,38.12874800939916,Needs Improvement
EGY,2021.0,Egypt,2.6083333333333334,Complex Emergency,MENA,101469267.0,101907828.63977124,438561.63977123797,0.4303512748971299,Adequately Funded,59.83446539968986,Moderately Effective
EGY,2022.0,Egypt,2.1416666666666666,Complex Emergency,MENA,171453047.0,128455449.61917154,-42997597.380828455,-33.472770138053534,Well Funded,72.0,Highly Effective
EGY,2023.0,Egypt,1.9363636363636365,Complex Emergency,MENA,130435308.0,116513851.05783337,-13921456.942166626,-11.94832787327277,Adequately Funded,30.60941472532417,Needs Improvement
EGY,2024.0,Egypt,2.25,Complex Emergency,MENA,168950936.0,118879378.25441433,-50071557.745585665,-42.11963292609697,Well Funded,46.84520063379911,Moderately Effective
EGY,2025.0,Egypt,2.2,Complex Emergency,MENA,113359764.0,38420568.30580104,-74939195.69419897,-195.04968041527917,Well Funded,31.55329464199841,Needs Improvement
ERI,2020.0,Eritrea,3.725,Complex Emergency,Sub-Saharan Africa,13802903.0,23385634.81231938,9582731.81231938,40.97700100606748,Underfunded,31.0,Needs Improvement
ERI,2021.0,Eritrea,3.75,Complex Emergency,Sub-Saharan Africa,10048531.0,19401202.984184317,9352671.984184317,48.20666013240792,Underfunded,29.000000000000007,Critical - Underfunded
ERI,2022.0,Eritrea,3.65,Drought,Sub-Saharan Africa,8948877.0,16298948.15651445,7350071.156514451,45.095371099617466,Underfunded,33.0,Needs Improvement
ERI,2023.0,Eritrea,3.527272727272727,Drought,Sub-Saharan Africa,10884394.0,14866077.362722939,3981683.362722939,26.783685202036615,Underfunded,29.0,Critical - Underfunded
ERI,2024.0,Eritrea,3.3000000000000003,Complex Emergency,Sub-Saharan Africa,8160669.0,13498241.695716217,5337572.695716217,39.54272575671942,Underfunded,36.0,Needs Improvement
ERI,2025.0,Eritrea,2.9916666666666667,Complex Emergency,Sub-Saharan Africa,4361365.0,12873576.12106475,8512211.12106475,66.12157368717777,Severely Underfunded,30.0,Needs Improvement
ESP,2020.0,Spain,1.2,Complex Emergency,Other,0.0,24081483.23095564,24081483.23095564,100.0,No Funding Data,40.0,Needs Improvement
ESP,2021.0,Spain,1.6666666666666667,Complex Emergency,Other,0.0,23821511.05606813,23821511.05606813,100.0,No Funding Data,32.5,Needs Improvement
ESP,2022.0,Spain,1.7583333333333335,Complex Emergency,Other,0.0,27046960.54707108,27046960.54707108,100.0,No Funding Data,40.0,Needs Improvement
ESP,2023.0,Spain,1.8090909090909089,Complex Emergency,Other,0.0,29134854.710697394,29134854.710697394,100.0,No Funding Data,40.0,Needs Improvement
ESP,2024.0,Spain,1.85,Complex Emergency,Other,0.0,24590861.420303684,24590861.420303684,100.0,No Funding Data,42.5,Needs Improvement
ESP,2025.0,Spain,1.5416666666666667,Complex Emergency,Other,0.0,8430128.19950917,8430128.19950917,100.0,No Funding Data,40.0,Needs Improvement
EST,2023.0,Estonia,1.3,Complex Emergency,Europe,0.0,40506473.92032302,40506473.92032302,100.0,No Funding Data,40.0,Needs Improvement
EST,2024.0,Estonia,1.2083333333333333,Complex Emergency,Europe,0.0,42498403.05492539,42498403.05492539,100.0,No Funding Data,42.5,Needs Improvement
EST,2025.0,Estonia,1.2,Complex Emergency,Europe,0.0,48602715.71760073,48602715.71760073,100.0,No Funding Data,40.0,Needs Improvement
ETH,2020.0,Ethiopia,4.05,Conflict,Sub-Saharan Africa,1017205508.0,605271238.3693128,-411934269.63068724,-68.05779682188387,Well Funded,53.72826876405193,Moderately Effective
ETH,2021.0,Ethiopia,4.591666666666666,Conflict,Sub-Saharan Africa,1697580810.0,1481801511.6507726,-215779298.34922743,-14.561956959325991,Adequately Funded,36.96822803459012,Needs Improvement
ETH,2022.0,Ethiopia,4.475,Drought,Sub-Saharan Africa,2297293226.0,1410782812.7180562,-886510413.2819438,-62.83819205126028,Well Funded,51.87660321822016,Moderately Effective
ETH,2023.0,Ethiopia,4.190909090909091,Drought,Sub-Saharan Africa,1713993461.0,1225562267.6754065,-488431193.32459354,-39.85364156576301,Well Funded,33.24368210973883,Needs Improvement
ETH,2024.0,Ethiopia,4.25,Drought,Sub-Saharan Africa,1250279058.0,1223361309.3793602,-26917748.6206398,-2.20031060441954,Adequately Funded,45.52236890627594,Moderately Effective
ETH,2025.0,Ethiopia,4.241666666666666,Complex Emergency,Sub-Saharan Africa,701644827.0,463194020.4354598,-238450806.5645402,-51.4796815253286,Well Funded,66.0,Highly Effective
FJI,2021.0,Fiji,1.4,Storm,Asia,10907206.0,9554756.631555513,-1352449.3684444875,-14.15472335504488,Adequately Funded,30.0,Needs Improvement
GHA,2025.0,Ghana,2.48,Complex Emergency,Sub-Saharan Africa,10883210.0,7682636.446782826,-3200573.5532171736,-41.65983351402034,Well Funded,28.0,Critical - Underfunded
GMB,2022.0,Gambia,1.66,Flood,Sub-Saharan Africa,0.0,19363992.03866357,19363992.03866357,100.0,No Funding Data,42.5,Needs Improvement
GMB,2023.0,Gambia,1.5,Complex Emergency,Sub-Saharan Africa,0.0,14902211.947160913,14902211.947160913,100.0,No Funding Data,45.0,Moderately Effective
GRC,2020.0,Greece,1.8,Complex Emergency,Other,0.0,14586428.01007658,14586428.01007658,100.0,No Funding Data,40.0,Needs Improvement
GRC,2021.0,Greece,1.6333333333333335,Complex Emergency,Other,0.0,15742316.57318792,15742316.57318792,100.0,No Funding Data,45.0,Moderately Effective
GRC,2022.0,Greece,1.5416666666666667,Complex Emergency,Other,0.0,11473998.065341847,11473998.065341847,100.0,No Funding Data,45.0,Moderately Effective
GRC,2023.0,Greece,1.7909090909090908,Complex Emergency,Other,0.0,17739179.196342766,17739179.196342766,100.0,No Funding Data,19.999999999999996,Critical - Underfunded
GRC,2024.0,Greece,2.15,Complex Emergency,Other,0.0,20071445.97728318,20071445.97728318,100.0,No Funding Data,35.00000000000001,Needs Improvement
GRC,2025.0,Greece,2.2666666666666666,Complex Emergency,Other,0.0,8385548.389048508,8385548.389048508,100.0,No Funding Data,42.49999999999999,Needs Improvement
GTM,2020.0,Guatemala,3.4,Drought,LAC,54832741.0,82033481.71667318,27200740.71667318,33.158096118142296,Underfunded,30.0,Needs Improvement
GTM,2021.0,Guatemala,3.466666666666667,Complex Emergency,LAC,118584871.0,89281225.07841542,-29303645.921584576,-32.821733680118385,Well Funded,63.0,Highly Effective
GTM,2022.0,Guatemala,3.5500000000000003,Complex Emergency,LAC,88628750.0,191709375.82060143,103080625.82060143,53.7692146664035,Severely Underfunded,42.74975476011068,Needs Improvement
GTM,2023.0,Guatemala,3.472727272727273,Complex Emergency,LAC,69611275.0,90752438.10096923,21141163.100969225,23.295421636439144,Underfunded,41.35086260176634,Needs Improvement
GTM,2024.0,Guatemala,3.483333333333333,Complex Emergency,LAC,85709007.0,133844866.94827926,48135859.94827926,35.96391930882196,Underfunded,66.9386739250989,Highly Effective
GTM,2025.0,Guatemala,3.333333333333333,Drought,LAC,37612391.0,44804134.52595981,7191743.525959812,16.05151757097968,Adequately Funded,44.5349827621125,Needs Improvement
HND,2020.0,Honduras,3.2,Drought,LAC,45783870.0,46497055.159298435,713185.1592984349,1.5338286626003945,Adequately Funded,30.0,Needs Improvement
HND,2021.0,Honduras,3.3666666666666667,Complex Emergency,LAC,141734436.0,91670482.20718081,-50063953.79281919,-54.61294910576737,Well Funded,53.89747454536497,Moderately Effective
HND,2022.0,Honduras,3.483333333333333,Complex Emergency,LAC,137424848.0,129774594.6592892,-7650253.340710804,-5.895031582102655,Adequately Funded,63.670596619188046,Highly Effective
HND,2023.0,Honduras,3.5,Complex Emergency,LAC,116415042.0,119599302.82062472,3184260.820624724,2.662440955362829,Adequately Funded,31.83780661986748,Needs Improvement
HND,2024.0,Honduras,3.4916666666666667,Complex Emergency,LAC,123954398.0,63330089.37181905,-60624308.62818095,-95.7274957757408,Well Funded,70.55727646191778,Highly Effective
HND,2025.0,Honduras,3.4,Conflict,LAC,27263290.0,38915811.01580877,11652521.015808769,29.94289650310812,Underfunded,31.197359865390236,Needs Improvement
HTI,2020.0,Haiti,3.5,Complex Emergency,LAC,220039087.0,91970345.8730113,-128068741.1269887,-139.25003751080865,Well Funded,35.64052621030732,Needs Improvement
HTI,2021.0,Haiti,3.716666666666667,Conflict,LAC,231920416.0,154438974.6068807,-77481441.3931193,-50.169616568839416,Well Funded,34.16296872185255,Needs Improvement
HTI,2022.0,Haiti,4.15,Conflict,LAC,244494301.0,306582550.78174603,62088249.78174603,20.251723271082774,Underfunded,34.92148942777217,Needs Improvement
HTI,2023.0,Haiti,4.2,Conflict,LAC,361112164.0,334261893.35972905,-26850270.64027095,-8.032704646764797,Adequately Funded,37.59040941192221,Needs Improvement
HTI,2024.0,Haiti,4.075,Conflict,LAC,366206643.0,348800427.62748605,-17406215.37251395,-4.990307922186249,Adequately Funded,67.89364994491451,Highly Effective
HTI,2025.0,Haiti,4.4,Conflict,LAC,272295851.0,632305291.5658708,360009440.56587076,56.93601577717725,Severely Underfunded,44.26064647744917,Needs Improvement
HUN,2022.0,Hungary,1.9090909090909087,Complex Emergency,Europe,0.0,63518582.45007435,63518582.45007435,100.0,No Funding Data,32.5,Needs Improvement
HUN,2023.0,Hungary,1.4636363636363638,Complex Emergency,Europe,0.0,68950795.73391804,68950795.73391804,100.0,No Funding Data,45.0,Moderately Effective
HUN,2024.0,Hungary,1.5416666666666667,Complex Emergency,Europe,0.0,51317595.321522616,51317595.321522616,100.0,No Funding Data,42.5,Needs Improvement
HUN,2025.0,Hungary,1.5,Complex Emergency,Europe,0.0,45120698.24784309,45120698.24784309,100.0,No Funding Data,40.0,Needs Improvement
IDN,2020.0,Indonesia,,Complex Emergency,Asia,44862039.0,77553098.72232707,32691059.72232707,42.15313154587788,Underfunded,30.0,Needs Improvement
IDN,2021.0,Indonesia,2.12,Complex Emergency,Asia,40082182.0,38543728.89523037,-1538453.1047696322,-3.991448541347564,Adequately Funded,29.0,Critical - Underfunded
IDN,2022.0,Indonesia,2.441666666666667,Complex Emergency,Asia,35646270.0,37436847.193167284,1790577.1931672841,4.782927322720937,Adequately Funded,28.000000000000004,Critical - Underfunded
IDN,2023.0,Indonesia,2.518181818181818,Complex Emergency,Asia,15454932.0,45943529.7467698,30488597.7467698,66.36102605702251,Severely Underfunded,30.0,Needs Improvement
IDN,2024.0,Indonesia,2.5,Complex Emergency,Asia,44091461.0,42226003.24067977,-1865457.7593202293,-4.417793814601617,Adequately Funded,30.0,Needs Improvement
IDN,2025.0,Indonesia,2.5090909090909093,Complex Emergency,Asia,10368442.0,12551954.389858153,2183512.3898581527,17.3957960811458,Adequately Funded,29.0,Critical - Underfunded
IND,2020.0,India,2.675,Complex Emergency,Asia,0.0,89113025.53045146,89113025.53045146,100.0,No Funding Data,32.5,Needs Improvement
IND,2021.0,India,,Complex Emergency,Asia,0.0,159909658.86269128,159909658.86269128,100.0,No Funding Data,40.0,Needs Improvement
IND,2022.0,India,,Complex Emergency,Asia,0.0,168451897.93833953,168451897.93833953,100.0,No Funding Data,40.0,Needs Improvement
IND,2023.0,India,,Complex Emergency,Asia,0.0,103586137.96086018,103586137.96086018,100.0,No Funding Data,40.0,Needs Improvement
IND,2024.0,India,2.2,Complex Emergency,Asia,0.0,43955316.135730326,43955316.135730326,100.0,No Funding Data,40.0,Needs Improvement
IND,2025.0,India,2.4444444444444446,Complex Emergency,Asia,0.0,19539824.545504984,19539824.545504984,100.0,No Funding Data,27.5,Critical - Underfunded
IRN,2020.0,Iran,3.4,Complex Emergency,MENA,102316104.0,103812794.7648487,1496690.7648486942,1.441720905634917,Adequately Funded,57.98056892016443,Moderately Effective
IRN,2021.0,Iran,3.408333333333333,Complex Emergency,MENA,111748837.0,95298865.6395728,-16449971.3604272,-17.26145557979901,Adequately Funded,29.0,Critical - Underfunded
IRN,2022.0,Iran,3.5583333333333336,Complex Emergency,MENA,32391702.0,75792331.73373178,43400629.73373178,57.26256039490087,Severely Underfunded,15.88558967817128,Critical - Underfunded
IRN,2023.0,Iran,3.6454545454545455,Earthquake,MENA,51463688.0,68599440.74408156,17135752.744081557,24.97943504817851,Underfunded,22.224919180879876,Critical - Underfunded
IRN,2024.0,Iran,3.75,Complex Emergency,MENA,27173870.0,99658360.95775515,72484490.95775515,72.73297519761647,Severely Underfunded,16.92846361712473,Critical - Underfunded
IRN,2025.0,Iran,3.825,Complex Emergency,MENA,24177762.0,243130033.424087,218952271.424087,90.05562510748017,Severely Underfunded,13.051634274231056,Critical - Underfunded
IRQ,2020.0,Iraq,3.95,Complex Emergency,MENA,943094499.0,601448888.3056489,-341645610.6943511,-56.80376459865214,Well Funded,63.26713836253792,Highly Effective
IRQ,2021.0,Iraq,4.2,Complex Emergency,MENA,691212176.0,700428415.8397117,9216239.839711666,1.3158003917734744,Adequately Funded,51.64328373552424,Moderately Effective
IRQ,2022.0,Iraq,3.908333333333333,Complex Emergency,MENA,540964393.0,438728598.81455475,-102235794.18544525,-23.302742164902515,Well Funded,56.69441840918084,Moderately Effective
IRQ,2023.0,Iraq,3.863636363636364,Complex Emergency,MENA,274595701.0,379984643.0507048,105388942.05070478,27.735052975980867,Underfunded,66.0,Highly Effective
IRQ,2024.0,Iraq,3.266666666666667,Complex Emergency,MENA,229190819.0,156641825.82039398,-72548993.17960602,-46.31521166178881,Well Funded,73.0,Highly Effective
IRQ,2025.0,Iraq,3.233333333333333,Complex Emergency,MENA,91422030.0,62217164.069010176,-29204865.930989824,-46.940207526328756,Well Funded,26.0,Critical - Underfunded
ITA,2020.0,Italy,,Complex Emergency,Other,0.0,61705957.78778409,61705957.78778409,100.0,No Funding Data,40.0,Needs Improvement
ITA,2021.0,Italy,1.9,Complex Emergency,Other,0.0,30761000.3348635,30761000.3348635,100.0,No Funding Data,40.0,Needs Improvement
ITA,2022.0,Italy,1.9166666666666667,Complex Emergency,Other,0.0,33701202.17619615,33701202.17619615,100.0,No Funding Data,37.5,Needs Improvement
ITA,2023.0,Italy,2.145454545454545,Complex Emergency,Other,0.0,34011805.85804539,34011805.85804539,100.0,No Funding Data,37.5,Needs Improvement
ITA,2024.0,Italy,2.15,Complex Emergency,Other,0.0,34526362.54069713,34526362.54069713,100.0,No Funding Data,47.50000000000001,Moderately Effective
ITA,2025.0,Italy,1.7333333333333334,Complex Emergency,Other,0.0,7748579.922896511,7748579.922896511,100.0,No Funding Data,37.5,Needs Improvement
JAM,2025.0,Jamaica,2.433333333333333,Storm,LAC,0.0,3295983.0586137036,3295983.0586137036,100.0,No Funding Data,40.0,Needs Improvement
JOR,2020.0,Jordan,2.7,Complex Emergency,MENA,790032303.0,396458984.8155878,-393573318.1844122,-99.27213993333562,Well Funded,36.4320449207523,Needs Improvement
JOR,2021.0,Jordan,3.0083333333333333,Complex Emergency,MENA,582829393.0,284899084.3102342,-297930308.6897658,-104.57397903228835,Well Funded,35.034760384375,Needs Improvement
JOR,2022.0,Jordan,2.7000000000000006,Complex Emergency,MENA,606227991.0,339308010.9917268,-266919980.00827318,-78.66598234097731,Well Funded,35.64810731153846,Needs Improvement
JOR,2023.0,Jordan,2.8363636363636364,Complex Emergency,MENA,364924947.0,363724419.4232173,-1200527.5767827034,-0.33006515721063273,Adequately Funded,28.71922950670386,Critical - Underfunded
JOR,2024.0,Jordan,2.8166666666666664,Complex Emergency,MENA,471244650.0,388535116.625912,-82709533.37408799,-21.287530993941555,Well Funded,39.30919627611458,Needs Improvement
JOR,2025.0,Jordan,2.9166666666666665,Complex Emergency,MENA,189951339.0,102353184.60196225,-87598154.39803775,-85.58420017774256,Well Funded,19.464818313762517,Critical - Underfunded
KEN,2020.0,Kenya,2.95,Flood,Sub-Saharan Africa,186534863.0,182390635.8064092,-4144227.19359079,-2.2721710329413534,Adequately Funded,49.253423045704224,Moderately Effective
KEN,2021.0,Kenya,2.95,Drought,Sub-Saharan Africa,202218041.0,152074355.4477527,-50143685.552247286,-32.973136992498944,Well Funded,62.0,Highly Effective
KEN,2022.0,Kenya,3.5416666666666665,Drought,Sub-Saharan Africa,482482420.0,353270085.767513,-129212334.23248702,-36.57607576700441,Well Funded,60.0,Highly Effective
KEN,2023.0,Kenya,3.6454545454545455,Drought,Sub-Saharan Africa,447585695.0,419096649.6572083,-28489045.342791677,-6.797726816974967,Adequately Funded,57.03481244200692,Moderately Effective
KEN,2024.0,Kenya,3.5083333333333333,Flood,Sub-Saharan Africa,390854263.0,352007177.16810864,-38847085.83189136,-11.035878911451595,Adequately Funded,65.0,Highly Effective
KEN,2025.0,Kenya,3.458333333333333,Complex Emergency,Sub-Saharan Africa,178585240.0,97505229.71942228,-81080010.28057772,-83.15452464846325,Well Funded,65.27796648615858,Highly Effective
LAO,2023.0,Laos,1.5,Complex Emergency,Asia,5692894.0,11119003.886376042,5426109.886376042,48.80032367849586,Underfunded,30.0,Needs Improvement
LAO,2024.0,Laos,1.925,Complex Emergency,Asia,5995728.0,15273151.034263425,9277423.034263425,60.74334636939472,Severely Underfunded,24.0,Critical - Underfunded
LAO,2025.0,Laos,2.1,Complex Emergency,Asia,9480944.0,11543995.473614879,2063051.473614879,17.871208268664162,Adequately Funded,30.0,Needs Improvement
LBN,2020.0,Lebanon,3.5,Conflict,MENA,1678009589.0,918227391.5911494,-759782197.4088506,-82.74444918183748,Well Funded,40.871947722748,Needs Improvement
LBN,2021.0,Lebanon,3.633333333333333,Complex Emergency,MENA,1086007210.0,1025134615.3285812,-60872594.671418786,-5.938009873162619,Adequately Funded,29.4697988365448,Critical - Underfunded
LBN,2022.0,Lebanon,3.5500000000000003,Complex Emergency,MENA,1342243224.0,983874058.0471014,-358369165.9528986,-36.42429262381693,Well Funded,32.65465720986434,Needs Improvement
LBN,2023.0,Lebanon,3.5,Complex Emergency,MENA,820942055.0,589425354.4980911,-231516700.5019089,-39.27837490110186,Well Funded,20.89616167934573,Critical - Underfunded
LBN,2024.0,Lebanon,3.641666666666667,Complex Emergency,MENA,1344622868.0,862598514.978214,-482024353.021786,-55.88049882441081,Well Funded,32.50441151736992,Needs Improvement
LBN,2025.0,Lebanon,3.925,Complex Emergency,MENA,632638637.0,465298609.7805657,-167340027.21943432,-35.964007564594205,Well Funded,24.34443319520983,Critical - Underfunded
LBY,2020.0,Libya,4.15,Complex Emergency,MENA,219594243.0,234360047.89393842,14765804.893938422,6.30047869789684,Adequately Funded,63.99999999999999,Highly Effective
LBY,2021.0,Libya,3.983333333333333,Complex Emergency,MENA,201875030.0,202394170.237988,519140.23798799515,0.2564996004467702,Adequately Funded,68.0,Highly Effective
LBY,2022.0,Libya,3.616666666666666,Complex Emergency,MENA,157050758.0,179840105.7836329,22789347.783632904,12.672005326248502,Adequately Funded,67.0,Highly Effective
LBY,2023.0,Libya,3.718181818181818,Flood,MENA,129092870.0,154157668.8291029,25064798.829102904,16.259196846632,Adequately Funded,65.0,Highly Effective
LBY,2024.0,Libya,3.9333333333333336,Complex Emergency,MENA,87090099.0,165247713.83471617,78157614.83471617,47.29724425288623,Underfunded,64.0,Highly Effective
LBY,2025.0,Libya,3.333333333333333,Complex Emergency,MENA,30259038.0,47065383.8369698,16806345.8369698,35.70850690432155,Underfunded,26.607388870132795,Critical - Underfunded
LKA,2022.0,Sri Lanka,3.4,Complex Emergency,Asia,182394166.0,119977534.62039289,-62416631.37960711,-52.02359889882084,Well Funded,65.0,Highly Effective
LKA,2023.0,Sri Lanka,3.372727272727273,Complex Emergency,Asia,62900843.0,71150456.91323574,8249613.913235739,11.594604266977107,Adequately Funded,31.0,Needs Improvement
LKA,2024.0,Sri Lanka,2.275,Complex Emergency,Asia,19426444.0,28636791.869704664,9210347.869704664,32.16263857910859,Underfunded,40.0,Needs Improvement
LKA,2025.0,Sri Lanka,2.05,Flood,Asia,17487278.0,14002230.475268478,-3485047.5247315224,-24.889231261312318,Well Funded,23.0,Critical - Underfunded
LSO,2020.0,Lesotho,2.4,Drought,Sub-Saharan Africa,15637448.0,10084090.00344833,-5553357.99655167,-55.07049217780343,Well Funded,31.48702444806638,Needs Improvement
LSO,2021.0,Lesotho,2.3666666666666667,Complex Emergency,Sub-Saharan Africa,8007571.0,8615256.091305561,607685.0913055614,7.053592892251127,Adequately Funded,33.0,Needs Improvement
LSO,2022.0,Lesotho,2.141666666666667,Complex Emergency,Sub-Saharan Africa,13038838.0,10629511.710535401,-2409326.2894645985,-22.666387272301545,Well Funded,30.0,Needs Improvement
LSO,2023.0,Lesotho,2.2,Complex Emergency,Sub-Saharan Africa,6020336.0,5319131.466334747,-701204.5336652528,-13.182688529193879,Adequately Funded,30.0,Needs Improvement
LSO,2024.0,Lesotho,2.16,Drought,Sub-Saharan Africa,7224247.0,7700073.493245329,475826.4932453288,6.179505866570417,Adequately Funded,29.0,Critical - Underfunded
LSO,2025.0,Lesotho,2.1666666666666665,Complex Emergency,Sub-Saharan Africa,4679877.0,6121336.230092519,1441459.230092519,23.54811393967053,Underfunded,30.0,Needs Improvement
LTU,2023.0,Lithuania,1.3,Complex Emergency,Europe,0.0,41361618.874423906,41361618.874423906,100.0,No Funding Data,40.0,Needs Improvement
LTU,2024.0,Lithuania,1.3,Complex Emergency,Europe,0.0,41721981.191421285,41721981.191421285,100.0,No Funding Data,40.0,Needs Improvement
LTU,2025.0,Lithuania,1.3,Complex Emergency,Europe,0.0,45120698.24784309,45120698.24784309,100.0,No Funding Data,40.0,Needs Improvement
LVA,2023.0,Latvia,1.25,Complex Emergency,Europe,0.0,44368819.95625449,44368819.95625449,100.0,No Funding Data,37.5,Needs Improvement
LVA,2024.0,Latvia,1.3,Complex Emergency,Europe,0.0,41250495.277421154,41250495.277421154,100.0,No Funding Data,40.0,Needs Improvement
LVA,2025.0,Latvia,1.3,Complex Emergency,Europe,0.0,47588362.63488662,47588362.63488662,100.0,No Funding Data,40.0,Needs Improvement
MAR,2020.0,Morocco,,Complex Emergency,MENA,0.0,129227623.57827285,129227623.57827285,100.0,No Funding Data,40.0,Needs Improvement
MAR,2021.0,Morocco,,Complex Emergency,MENA,0.0,111431124.67259614,111431124.67259614,100.0,No Funding Data,40.0,Needs Improvement
MAR,2022.0,Morocco,2.1333333333333333,Complex Emergency,MENA,0.0,28682918.003028627,28682918.003028627,100.0,No Funding Data,37.5,Needs Improvement
MAR,2023.0,Morocco,2.472727272727273,Complex Emergency,MENA,0.0,34208399.56610367,34208399.56610367,100.0,No Funding Data,20.000000000000004,Critical - Underfunded
MAR,2024.0,Morocco,2.6333333333333333,Complex Emergency,MENA,0.0,58948372.55415804,58948372.55415804,100.0,No Funding Data,65.0,Highly Effective
MAR,2025.0,Morocco,1.5833333333333333,Complex Emergency,MENA,0.0,13110048.911251144,13110048.911251144,100.0,No Funding Data,42.5,Needs Improvement
MDA,2022.0,Moldova,1.89,Complex Emergency,Europe,225956813.0,111454698.72397096,-114502114.27602904,-102.7342190028303,Well Funded,25.0,Critical - Underfunded
MDA,2023.0,Moldova,1.818181818181818,Complex Emergency,Europe,162466187.0,109877900.3883797,-52588286.61162031,-47.860658445182544,Well Funded,33.92842542859211,Needs Improvement
MDA,2024.0,Moldova,1.6000000000000003,Complex Emergency,Europe,154432760.0,59441977.42529283,-94990782.57470718,-159.80421023861865,Well Funded,38.02718024138922,Needs Improvement
MDA,2025.0,Moldova,1.95,Complex Emergency,Europe,61357655.0,58330441.26647622,-3027213.7335237786,-5.189766557215442,Adequately Funded,26.421165970310536,Critical - Underfunded
MDG,2020.0,Madagascar,2.55,Drought,Sub-Saharan Africa,59866752.0,42213495.946146965,-17653256.053853035,-41.818986222732725,Well Funded,31.0,Needs Improvement
MDG,2021.0,Madagascar,2.908333333333333,Drought,Sub-Saharan Africa,153766373.0,123506642.06765008,-30259730.93234992,-24.500488739524894,Well Funded,62.88880750956444,Highly Effective
MDG,2022.0,Madagascar,2.858333333333333,Drought,Sub-Saharan Africa,211644674.0,102493444.03180933,-109151229.96819067,-106.49581639028061,Well Funded,61.08785961661974,Highly Effective
MDG,2023.0,Madagascar,2.9,Drought,Sub-Saharan Africa,189039460.0,120255521.83107033,-68783938.16892967,-57.198153666119644,Well Funded,58.32099021114198,Moderately Effective
MDG,2024.0,Madagascar,2.93,Storm,Sub-Saharan Africa,134628001.0,95679509.93853803,-38948491.06146197,-40.70724346987296,Well Funded,64.0,Highly Effective
MDG,2025.0,Madagascar,2.68,Complex Emergency,Sub-Saharan Africa,45811482.0,32233795.35931661,-13577686.64068339,-42.122519204859934,Well Funded,29.0,Critical - Underfunded
MEX,2020.0,Mexico,,Complex Emergency,LAC,10469154.0,50408510.74432865,39939356.74432865,79.23137611999803,Severely Underfunded,19.651428474881342,Critical - Underfunded
MEX,2021.0,Mexico,,Complex Emergency,LAC,83635949.0,97744481.58278549,14108532.582785487,14.434096282802575,Adequately Funded,65.0,Highly Effective
MEX,2022.0,Mexico,2.8,Complex Emergency,LAC,101985807.0,88845366.91382033,-13140440.086179674,-14.79023672548491,Adequately Funded,65.0,Highly Effective
MEX,2023.0,Mexico,2.8181818181818183,Complex Emergency,LAC,93686894.0,91009335.8369629,-2677558.1630371064,-2.942069776043385,Adequately Funded,63.0,Highly Effective
MEX,2024.0,Mexico,2.9250000000000003,Complex Emergency,LAC,101478983.0,93586868.1440471,-7892114.855952904,-8.432929760835156,Adequately Funded,67.0,Highly Effective
MEX,2025.0,Mexico,2.8000000000000003,Complex Emergency,LAC,19264547.0,18566539.50812043,-698007.4918795712,-3.759491592788653,Adequately Funded,58.46542096586733,Moderately Effective
MLI,2020.0,Mali,3.8,Conflict,Sub-Saharan Africa,324198370.0,240760604.3133437,-83437765.6866563,-34.655904741817395,Well Funded,47.59478039465041,Moderately Effective
MLI,2021.0,Mali,4.2,Complex Emergency,Sub-Saharan Africa,353437979.0,431275371.73725826,77837392.73725826,18.048188660464103,Adequately Funded,38.51010473492859,Needs Improvement
MLI,2022.0,Mali,4.241666666666666,Drought,Sub-Saharan Africa,404276171.0,520437462.65011704,116161291.65011704,22.319932746311668,Underfunded,44.42534692554382,Needs Improvement
MLI,2023.0,Mali,4.3,Complex Emergency,Sub-Saharan Africa,284415085.0,372752731.0883119,88337646.08831191,23.69872538033346,Underfunded,30.816280206635422,Needs Improvement
MLI,2024.0,Mali,4.291666666666667,Conflict,Sub-Saharan Africa,347088323.0,836782297.6377386,489693974.6377386,58.5210724486117,Severely Underfunded,63.210199082631455,Highly Effective
MLI,2025.0,Mali,4.275,Conflict,Sub-Saharan Africa,206207665.0,311494381.8701171,105286716.87011713,33.80051872461,Underfunded,45.14036956900964,Moderately Effective
MMR,2020.0,Myanmar,3.5,Complex Emergency,Asia,295799250.0,179490113.3665361,-116309136.63346389,-64.79974548567442,Well Funded,65.0,Highly Effective
MMR,2021.0,Myanmar,3.8333333333333335,Complex Emergency,Asia,333849437.0,287913690.82821655,-45935746.17178345,-15.954693241451642,Adequately Funded,52.61637222548603,Moderately Effective
MMR,2022.0,Myanmar,4.383333333333334,Complex Emergency,Asia,424818569.0,602293487.2585047,177474918.25850475,29.466517904141377,Underfunded,38.29729560866871,Needs Improvement
MMR,2023.0,Myanmar,4.563636363636364,Storm,Asia,461844096.0,765405232.2191609,303561136.2191609,39.66018566910466,Underfunded,37.6458903614648,Needs Improvement
MMR,2024.0,Myanmar,4.6,Flood,Asia,457855704.0,607484735.984095,149629031.98409498,24.63091220583566,Underfunded,40.77881954424587,Needs Improvement
MMR,2025.0,Myanmar,4.6,Earthquake,Asia,505977118.0,772111164.7472827,266134046.74728274,34.46835881908148,Underfunded,35.77255004836795,Needs Improvement
MNG,2023.0,Mongolia,2.35,Complex Emergency,Asia,3464576.0,4502832.131113726,1038256.1311137257,23.05784672583218,Underfunded,50.97161039968957,Moderately Effective
MNG,2024.0,Mongolia,2.233333333333333,Complex Emergency,Asia,9910265.0,4314464.3537838105,-5595800.6462161895,-129.69861812182177,Well Funded,45.90804920277191,Moderately Effective
MOZ,2020.0,Mozambique,3.25,Conflict,Sub-Saharan Africa,221022515.0,211236203.9494049,-9786311.050595105,-4.632875836444738,Adequately Funded,64.0,Highly Effective
MOZ,2021.0,Mozambique,3.5500000000000003,Complex Emergency,Sub-Saharan Africa,313852422.0,258073489.4440322,-55778932.55596781,-21.613584826605933,Well Funded,66.0,Highly Effective
MOZ,2022.0,Mozambique,3.6,Storm,Sub-Saharan Africa,327140324.0,269655427.98853546,-57484896.011464536,-21.317907983631812,Well Funded,51.213475736581145,Moderately Effective
MOZ,2023.0,Mozambique,3.5181818181818185,Storm,Sub-Saharan Africa,308136551.0,281062721.6065327,-27073829.393467307,-9.632664637528379,Adequately Funded,36.036167283091146,Needs Improvement
MOZ,2024.0,Mozambique,3.75,Drought,Sub-Saharan Africa,246339570.0,304809572.5039903,58470002.50399029,19.182469245851802,Adequately Funded,59.9654794250766,Moderately Effective
MOZ,2025.0,Mozambique,3.658333333333333,Storm,Sub-Saharan Africa,212720455.0,227440864.2469438,14720409.246943802,6.4721919236822485,Adequately Funded,54.13670890877274,Moderately Effective
MRT,2020.0,Mauritania,2.85,Drought,Sub-Saharan Africa,78952780.0,43945395.75465081,-35007384.24534919,-79.66109678655997,Well Funded,31.0,Needs Improvement
MRT,2021.0,Mauritania,2.85,Complex Emergency,Sub-Saharan Africa,127317413.0,60267479.054727666,-67049933.945272334,-111.25392167869784,Well Funded,29.0,Critical - Underfunded
MRT,2022.0,Mauritania,2.775,Complex Emergency,Sub-Saharan Africa,71826107.0,42326440.08432917,-29499666.915670827,-69.69560127640572,Well Funded,32.0,Needs Improvement
MRT,2023.0,Mauritania,2.645454545454545,Complex Emergency,Sub-Saharan Africa,48475968.0,45914372.737745054,-2561595.262254946,-5.579070581855347,Adequately Funded,31.0,Needs Improvement
MRT,2024.0,Mauritania,2.583333333333333,Complex Emergency,Sub-Saharan Africa,53304425.0,33486405.464043606,-19818019.535956394,-59.18228385915057,Well Funded,30.0,Needs Improvement
MRT,2025.0,Mauritania,2.7333333333333334,Complex Emergency,Sub-Saharan Africa,31892670.0,23063319.89397367,-8829350.10602633,-38.28308390386327,Well Funded,27.0,Critical - Underfunded
MWI,2020.0,Malawi,2.725,Complex Emergency,Sub-Saharan Africa,37346183.0,38837329.00468332,1491146.0046833232,3.8394659027749016,Adequately Funded,28.000000000000004,Critical - Underfunded
MWI,2021.0,Malawi,2.8666666666666667,Complex Emergency,Sub-Saharan Africa,13421938.0,21799289.082207065,8377351.082207065,38.42946919330868,Underfunded,28.0,Critical - Underfunded
MWI,2022.0,Malawi,2.9250000000000003,Flood,Sub-Saharan Africa,48877055.0,48504404.63796387,-372650.3620361313,-0.7682814886969295,Adequately Funded,63.0,Highly Effective
MWI,2023.0,Malawi,3.3545454545454545,Storm,Sub-Saharan Africa,74578975.0,95001995.89245799,20423020.89245799,21.497465080182945,Underfunded,44.37727136864339,Needs Improvement
MWI,2024.0,Malawi,3.466666666666667,Drought,Sub-Saharan Africa,58987934.0,70153726.34065753,11165792.340657532,15.916178545438727,Adequately Funded,51.050485495661945,Moderately Effective
MWI,2025.0,Malawi,3.375,Complex Emergency,Sub-Saharan Africa,50489190.0,49570334.52023834,-918855.4797616601,-1.8536398607245916,Adequately Funded,60.3121311768606,Highly Effective
MYS,2021.0,Malaysia,1.72,Complex Emergency,Asia,0.0,29342382.559144467,29342382.559144467,100.0,No Funding Data,37.5,Needs Improvement
MYS,2022.0,Malaysia,2.1333333333333333,Complex Emergency,Asia,0.0,28755858.658735003,28755858.658735003,100.0,No Funding Data,25.000000000000004,Critical - Underfunded
MYS,2023.0,Malaysia,2.3181818181818183,Complex Emergency,Asia,0.0,28072031.814957485,28072031.814957485,100.0,No Funding Data,40.0,Needs Improvement
MYS,2024.0,Malaysia,2.1583333333333337,Complex Emergency,Asia,0.0,30046764.955527287,30046764.955527287,100.0,No Funding Data,52.49999999999999,Moderately Effective
MYS,2025.0,Malaysia,1.7,Complex Emergency,Asia,0.0,9094949.178754754,9094949.178754754,100.0,No Funding Data,50.0,Moderately Effective
NAM,2020.0,Namibia,2.05,Drought,Sub-Saharan Africa,7494442.0,6894361.827410788,-600080.1725892117,-8.703926304003902,Adequately Funded,29.0,Critical - Underfunded
NAM,2021.0,Namibia,2.208333333333333,Complex Emergency,Sub-Saharan Africa,1955424.0,3441738.1007374497,1486314.1007374497,43.18498552864851,Underfunded,27.0,Critical - Underfunded
NAM,2022.0,Namibia,2.458333333333333,Complex Emergency,Sub-Saharan Africa,3796424.0,3839278.980878514,42854.98087851377,1.1162247154205913,Adequately Funded,29.0,Critical - Underfunded
NAM,2023.0,Namibia,2.390909090909091,Complex Emergency,Sub-Saharan Africa,1000000.0,3257768.2051571715,2257768.2051571715,69.30413899868745,Severely Underfunded,30.0,Needs Improvement
NAM,2024.0,Namibia,2.5500000000000003,Drought,Sub-Saharan Africa,10545024.0,6726538.6093899,-3818485.3906101,-56.767464105233735,Well Funded,29.0,Critical - Underfunded
NAM,2025.0,Namibia,2.566666666666667,Complex Emergency,Sub-Saharan Africa,5308153.0,6030616.073951336,722463.0739513356,11.979921538562953,Adequately Funded,30.0,Needs Improvement
NER,2020.0,Niger,3.725,Flood,Sub-Saharan Africa,483626135.0,306180271.1821944,-177445863.8178056,-57.95470202331076,Well Funded,61.54181008825817,Highly Effective
NER,2021.0,Niger,3.8,Complex Emergency,Sub-Saharan Africa,457271077.0,379713015.8952407,-77558061.10475928,-20.425441809494576,Well Funded,56.07097134944477,Moderately Effective
NER,2022.0,Niger,3.6833333333333336,Drought,Sub-Saharan Africa,523609806.0,373280142.48041505,-150329663.51958495,-40.272612017520416,Well Funded,64.1147671305612,Highly Effective
NER,2023.0,Niger,3.8,Complex Emergency,Sub-Saharan Africa,364881442.0,313051487.0419813,-51829954.95801872,-16.556367595554065,Adequately Funded,46.36933005549642,Moderately Effective
NER,2024.0,Niger,3.658333333333333,Flood,Sub-Saharan Africa,445969813.0,344635300.7278698,-101334512.27213019,-29.40340471742497,Well Funded,73.04108729023746,Highly Effective
NER,2025.0,Niger,3.633333333333333,Complex Emergency,Sub-Saharan Africa,206136418.0,182675432.2982087,-23460985.701791286,-12.842989014249259,Adequately Funded,54.800969190162185,Moderately Effective
NGA,2020.0,Nigeria,4.1,Complex Emergency,Sub-Saharan Africa,806708640.0,684048556.8357388,-122660083.16426122,-17.931487748714847,Adequately Funded,53.06540264567427,Moderately Effective
NGA,2021.0,Nigeria,4.183333333333333,Complex Emergency,Sub-Saharan Africa,829191324.0,759808103.1855147,-69383220.81448531,-9.131676869935237,Adequately Funded,52.31736649917472,Moderately Effective
NGA,2022.0,Nigeria,4.108333333333333,Conflict,Sub-Saharan Africa,862904840.0,796611500.6208718,-66293339.37912822,-8.32191593109813,Adequately Funded,54.10368707503439,Moderately Effective
NGA,2023.0,Nigeria,4.1000000000000005,Conflict,Sub-Saharan Africa,642098993.0,680085210.8427943,37986217.8427943,5.5855085858608735,Adequately Funded,38.91821332410683,Needs Improvement
NGA,2024.0,Nigeria,3.983333333333333,Drought,Sub-Saharan Africa,618297514.0,590973741.7904426,-27323772.209557414,-4.623517134073672,Adequately Funded,70.70242481413317,Highly Effective
NGA,2025.0,Nigeria,4.1,Flood,Sub-Saharan Africa,318482901.0,305828416.2193181,-12654484.780681908,-4.137772721422663,Adequately Funded,47.8376096052977,Moderately Effective
NIC,2020.0,Nicaragua,,Storm,LAC,19133739.0,38280171.77662564,19146432.77662564,50.01658009360527,Severely Underfunded,30.0,Needs Improvement
NIC,2021.0,Nicaragua,,Complex Emergency,LAC,33154945.0,36980688.072476454,3825743.072476454,10.345245780658777,Adequately Funded,30.0,Needs Improvement
NIC,2022.0,Nicaragua,1.925,Complex Emergency,LAC,9672746.0,11350177.54646974,1677431.5464697406,14.778901383718654,Adequately Funded,30.0,Needs Improvement
NIC,2023.0,Nicaragua,1.85,Complex Emergency,LAC,15864208.0,14133309.770659218,-1730898.2293407824,-12.246941851753162,Adequately Funded,32.0,Needs Improvement
NIC,2024.0,Nicaragua,1.7,Complex Emergency,LAC,11376949.0,14118724.721740274,2741775.7217402738,19.419428990767393,Adequately Funded,30.0,Needs Improvement
NIC,2025.0,Nicaragua,2.5,Complex Emergency,LAC,918603.0,3997991.8513413495,3079388.8513413495,77.02338988780572,Severely Underfunded,30.0,Needs Improvement
NPL,2024.0,Nepal,2.363636363636364,Flood,Asia,50902109.0,32005812.07096069,-18896296.92903931,-59.04020459516532,Well Funded,64.0,Highly Effective
PAK,2020.0,Pakistan,3.4,Drought,Asia,159517337.0,221326907.09814483,61809570.09814483,27.926821419293635,Underfunded,65.0,Highly Effective
PAK,2021.0,Pakistan,3.7,Complex Emergency,Asia,396057505.0,370363200.91325015,-25694304.08674985,-6.937596398182174,Adequately Funded,62.0,Highly Effective
PAK,2022.0,Pakistan,3.741666666666666,Flood,Asia,568106108.0,447390287.5306352,-120715820.46936482,-26.98221750312333,Well Funded,48.917995415416,Moderately Effective
PAK,2023.0,Pakistan,3.863636363636364,Flood,Asia,404451183.0,352321916.11717266,-52129266.88282734,-14.795919441324385,Adequately Funded,39.56562329266662,Needs Improvement
PAK,2024.0,Pakistan,3.9416666666666655,Complex Emergency,Asia,404246090.0,453566182.7698041,49320092.76980412,10.873847002574102,Adequately Funded,65.0,Highly Effective
PAK,2025.0,Pakistan,3.9166666666666665,Flood,Asia,176105701.0,258851276.4347524,82745575.4347524,31.966454473176896,Underfunded,31.792294625021228,Needs Improvement
PAN,2022.0,Panama,2.190909090909091,Complex Emergency,LAC,33584319.0,18653913.27418727,-14930405.72581273,-80.03900043039752,Well Funded,62.0,Highly Effective
PAN,2023.0,Panama,2.190909090909091,Complex Emergency,LAC,30120545.0,19870310.44996641,-10250234.550033592,-51.58567892456315,Well Funded,68.0,Highly Effective
PAN,2024.0,Panama,2.0166666666666666,Complex Emergency,LAC,20453437.0,16644264.229102097,-3809172.7708979025,-22.885798485688873,Well Funded,63.86555456895521,Highly Effective
PAN,2025.0,Panama,2.4916666666666667,Complex Emergency,LAC,3466490.0,3576213.0523043335,109723.05230433354,3.0681352229178143,Adequately Funded,14.134615101455942,Critical - Underfunded
PER,2020.0,Peru,2.6,Complex Emergency,LAC,95326174.0,39031264.07812322,-56294909.92187678,-144.230301660739,Well Funded,65.0,Highly Effective
PER,2021.0,Peru,2.8166666666666664,Complex Emergency,LAC,115354273.0,90367779.24602582,-24986493.753974184,-27.649781772271492,Well Funded,30.099106823567272,Needs Improvement
PER,2022.0,Peru,3.075,Complex Emergency,LAC,114807140.0,70755040.43862985,-44052099.56137015,-62.260016089707726,Well Funded,28.767864661566,Critical - Underfunded
PER,2023.0,Peru,3.036363636363636,Flood,LAC,111702789.0,84879027.90729463,-26823761.09270537,-31.602342479702333,Well Funded,32.277289220876234,Needs Improvement
PER,2024.0,Peru,2.958333333333333,Complex Emergency,LAC,94878926.0,75103908.94220419,-19775017.057795808,-26.330210153260552,Well Funded,28.72196127318437,Critical - Underfunded
PER,2025.0,Peru,3.158333333333333,Complex Emergency,LAC,30197503.0,38121474.117699966,7923971.117699966,20.78610888244962,Underfunded,13.831441366860474,Critical - Underfunded
PHL,2020.0,Philippines,2.7,Storm,Asia,68628975.0,46725239.136450216,-21903735.863549784,-46.87773945807962,Well Funded,34.99840647751995,Needs Improvement
PHL,2021.0,Philippines,2.6916666666666664,Storm,Asia,29485232.0,39349396.8072094,9864164.807209402,25.068147437020276,Underfunded,26.0,Critical - Underfunded
PHL,2022.0,Philippines,3.15,Complex Emergency,Asia,103958454.0,116689170.14802195,12730716.148021951,10.909938027558896,Adequately Funded,45.851268582693066,Moderately Effective
PHL,2023.0,Philippines,2.5090909090909093,Complex Emergency,Asia,27755607.0,37536702.338440165,9781095.338440165,26.057417751435374,Underfunded,35.0,Needs Improvement
PHL,2024.0,Philippines,2.3083333333333336,Storm,Asia,51143518.0,42438925.218897745,-8704592.781102255,-20.51087000013413,Well Funded,58.0,Moderately Effective
PHL,2025.0,Philippines,2.435714285714286,Storm,Asia,59058245.0,52659978.914087586,-6398266.085912414,-12.150149350327125,Adequately Funded,63.0,Highly Effective
PNG,2022.0,Papua New Guinea,2.6500000000000004,Complex Emergency,Asia,0.0,46521399.27047784,46521399.27047784,100.0,No Funding Data,40.0,Needs Improvement
PNG,2023.0,Papua New Guinea,2.527272727272728,Complex Emergency,Asia,0.0,19857074.086552985,19857074.086552985,100.0,No Funding Data,47.50000000000001,Moderately Effective
PNG,2024.0,Papua New Guinea,2.033333333333333,Complex Emergency,Asia,0.0,16654819.854556283,16654819.854556283,100.0,No Funding Data,40.0,Needs Improvement
PNG,2025.0,Papua New Guinea,1.8583333333333327,Complex Emergency,Asia,0.0,13071361.218279831,13071361.218279831,100.0,No Funding Data,50.0,Moderately Effective
POL,2022.0,Poland,2.2545454545454544,Complex Emergency,Europe,0.0,55815912.45144604,55815912.45144604,100.0,No Funding Data,15.0,Critical - Underfunded
POL,2023.0,Poland,2.381818181818182,Complex Emergency,Europe,0.0,49680572.60481321,49680572.60481321,100.0,No Funding Data,50.0,Moderately Effective
POL,2024.0,Poland,2.1166666666666667,Complex Emergency,Europe,0.0,50698257.90767443,50698257.90767443,100.0,No Funding Data,37.5,Needs Improvement
POL,2025.0,Poland,2.2,Complex Emergency,Europe,0.0,38018225.139230534,38018225.139230534,100.0,No Funding Data,40.0,Needs Improvement
PRK,2020.0,DPRK,3.9,Complex Emergency,Asia,41887446.0,74719858.7807965,32832412.780796498,43.940678310321765,Underfunded,29.705062210481287,Critical - Underfunded
PRK,2021.0,DPRK,3.7916666666666665,Complex Emergency,Asia,13789467.0,15274057.557623167,1484590.5576231666,9.719686808972503,Adequately Funded,28.000000000000004,Critical - Underfunded
PRK,2022.0,DPRK,3.775,Complex Emergency,Asia,2319641.0,9988816.827802021,7669175.827802021,76.77762001257537,Severely Underfunded,31.0,Needs Improvement
PRK,2023.0,DPRK,3.709090909090909,Complex Emergency,Asia,1495585.0,12648607.556945603,11153022.556945603,88.17589214254068,Severely Underfunded,30.0,Needs Improvement
PRK,2024.0,DPRK,3.7916666666666665,Complex Emergency,Asia,2817559.0,17539221.03561495,14721662.035614949,83.93566627458144,Severely Underfunded,26.000000000000007,Critical - Underfunded
PRK,2025.0,DPRK,3.841666666666667,Complex Emergency,Asia,2383644.0,261392860.76159084,259009216.76159084,99.08809904254652,Severely Underfunded,33.0,Needs Improvement
PSE,2020.0,Palestine,3.9,Conflict,MENA,672966183.0,510213502.5696404,-162752680.4303596,-31.898936349326632,Well Funded,65.0,Highly Effective
PSE,2021.0,Palestine,4.091666666666667,Conflict,MENA,970410927.0,753690398.1035235,-216720528.8964765,-28.75458270953171,Well Funded,65.0,Highly Effective
PSE,2022.0,Palestine,3.7083333333333335,Complex Emergency,MENA,979557132.0,569768165.8462662,-409788966.15373385,-71.92205369092214,Well Funded,69.0,Highly Effective
PSE,2023.0,Palestine,3.8,Conflict,MENA,1855791768.0,1209133612.4394505,-646658155.5605495,-53.48111647114864,Well Funded,56.0,Moderately Effective
PSE,2024.0,Palestine,4.375,Complex Emergency,MENA,3757396352.0,2253619674.951628,-1503776677.0483718,-66.72717201409102,Well Funded,65.0,Highly Effective
PSE,2025.0,Palestine,4.4,Complex Emergency,MENA,3386576269.0,2260624695.143539,-1125951573.856461,-49.807098731395946,Well Funded,55.73017708243271,Moderately Effective
ROU,2022.0,Romania,1.7600000000000002,Complex Emergency,Europe,0.0,70101653.37991564,70101653.37991564,100.0,No Funding Data,30.0,Needs Improvement
ROU,2023.0,Romania,1.4909090909090907,Complex Emergency,Europe,0.0,41566857.03159595,41566857.03159595,100.0,No Funding Data,32.5,Needs Improvement
ROU,2024.0,Romania,1.75,Complex Emergency,Europe,0.0,47375380.52744085,47375380.52744085,100.0,No Funding Data,37.5,Needs Improvement
ROU,2025.0,Romania,1.9,Complex Emergency,Europe,0.0,41538600.44918545,41538600.44918545,100.0,No Funding Data,40.0,Needs Improvement
RUS,2023.0,Russia,2.9,Complex Emergency,Europe,0.0,107428972.76769385,107428972.76769385,100.0,No Funding Data,52.5,Moderately Effective
RUS,2024.0,Russia,2.783333333333333,Complex Emergency,Europe,0.0,83306391.6758283,83306391.6758283,100.0,No Funding Data,37.500000000000014,Needs Improvement
RUS,2025.0,Russia,2.75,Complex Emergency,Europe,0.0,35532130.12293419,35532130.12293419,100.0,No Funding Data,42.49999999999999,Needs Improvement
RWA,2020.0,Rwanda,1.975,Flood,Sub-Saharan Africa,31960626.0,29535074.18725458,-2425551.8127454184,-8.21244530271784,Adequately Funded,29.0,Critical - Underfunded
RWA,2021.0,Rwanda,2.0500000000000003,Complex Emergency,Sub-Saharan Africa,33037040.0,37491128.33578631,4454088.335786313,11.880379528441035,Adequately Funded,22.08684556127438,Critical - Underfunded
RWA,2022.0,Rwanda,2.3666666666666667,Complex Emergency,Sub-Saharan Africa,51093245.0,36031585.88827536,-15061659.111724637,-41.801266140288554,Well Funded,45.289527161750215,Moderately Effective
RWA,2023.0,Rwanda,2.381818181818182,Flood,Sub-Saharan Africa,54968774.0,43057143.421405055,-11911630.578594945,-27.664702374736038,Well Funded,58.13850081620734,Moderately Effective
RWA,2024.0,Rwanda,2.3833333333333333,Complex Emergency,Sub-Saharan Africa,92884845.0,47261569.98810617,-45623275.01189383,-96.53355786397991,Well Funded,63.0,Highly Effective
RWA,2025.0,Rwanda,2.441666666666667,Complex Emergency,Sub-Saharan Africa,27275843.0,14370741.22684612,-12905101.77315388,-89.80122576451197,Well Funded,28.11781800399839,Critical - Underfunded
SDN,2020.0,Sudan,4.55,Complex Emergency,Sub-Saharan Africa,999596660.0,1016316109.4711794,16719449.471179366,1.6451032622004793,Adequately Funded,44.65844923638566,Needs Improvement
SDN,2021.0,Sudan,4.4,Complex Emergency,Sub-Saharan Africa,914603704.0,1018690003.3655943,104086299.36559427,10.217661803071517,Adequately Funded,35.93196095083053,Needs Improvement
SDN,2022.0,Sudan,4.4,Conflict,Sub-Saharan Africa,1198292012.0,1031734233.8292048,-166557778.1707952,-16.14347694489388,Adequately Funded,44.03012215008832,Needs Improvement
SDN,2023.0,Sudan,4.609090909090909,Conflict,Sub-Saharan Africa,1500114001.0,1429828664.993577,-70285336.006423,-4.915647428759496,Adequately Funded,37.163300596896406,Needs Improvement
SDN,2024.0,Sudan,4.9,Conflict,Sub-Saharan Africa,2059813993.0,1461183731.409346,-598630261.5906539,-40.96885618985512,Well Funded,76.28630186348227,Highly Effective
SDN,2025.0,Sudan,4.675,Complex Emergency,Sub-Saharan Africa,1700041852.0,1356363175.676249,-343678676.323751,-25.33824881764438,Well Funded,47.54233559123001,Moderately Effective
SEN,2020.0,Senegal,2.4,Complex Emergency,Sub-Saharan Africa,24538578.0,26833876.444099527,2295298.444099527,8.553734116206076,Adequately Funded,30.0,Needs Improvement
SEN,2021.0,Senegal,2.4,Complex Emergency,Sub-Saharan Africa,11625144.0,22489656.636732973,10864512.636732973,48.30893068855337,Underfunded,30.0,Needs Improvement
SEN,2022.0,Senegal,2.3916666666666666,Complex Emergency,Sub-Saharan Africa,15411566.0,34444036.92270938,19032470.922709383,55.25621449488413,Severely Underfunded,30.0,Needs Improvement
SEN,2023.0,Senegal,2.5454545454545454,Complex Emergency,Sub-Saharan Africa,13145061.0,13053735.52190588,-91325.47809411958,-0.699611830964887,Adequately Funded,27.0,Critical - Underfunded
SEN,2024.0,Senegal,2.208333333333333,Complex Emergency,Sub-Saharan Africa,8499100.0,9522614.51233157,1023514.5123315696,10.748251029233007,Adequately Funded,28.000000000000004,Critical - Underfunded
SEN,2025.0,Senegal,2.825,Complex Emergency,Sub-Saharan Africa,6044958.0,12166401.706888065,6121443.706888065,50.31433166819062,Severely Underfunded,24.0,Critical - Underfunded
SLV,2020.0,El Salvador,3.0,Storm,LAC,20026228.0,30231501.065427363,10205273.065427363,33.75708352470158,Underfunded,30.0,Needs Improvement
SLV,2021.0,El Salvador,3.0666666666666664,Complex Emergency,LAC,32864080.0,35606010.982367374,2741930.982367374,7.700753065894461,Adequately Funded,50.87632774274683,Moderately Effective
SLV,2022.0,El Salvador,3.1750000000000003,Complex Emergency,LAC,45986664.0,43300545.64832894,-2686118.3516710624,-6.203428412858178,Adequately Funded,32.124907845560486,Needs Improvement
SLV,2023.0,El Salvador,3.127272727272727,Complex Emergency,LAC,34483835.0,35127682.70558645,643847.7055864483,1.8328783910475697,Adequately Funded,29.271337363261143,Critical - Underfunded
SLV,2024.0,El Salvador,3.1166666666666667,Complex Emergency,LAC,34308415.0,33240980.01851932,-1067434.9814806804,-3.21120189863833,Adequately Funded,56.79305172544718,Moderately Effective
SLV,2025.0,El Salvador,2.9333333333333336,Complex Emergency,LAC,21482882.0,24609638.522049736,3126756.522049736,12.705414259734965,Adequately Funded,44.365268553432855,Needs Improvement
SOM,2020.0,Somalia,4.3,Drought,Sub-Saharan Africa,1098269541.0,943989848.1803602,-154279692.8196398,-16.34336355597787,Adequately Funded,71.0,Highly Effective
SOM,2021.0,Somalia,4.4,Drought,Sub-Saharan Africa,1115148694.0,1066685710.0910436,-48462983.90895641,-4.543323628552219,Adequately Funded,60.63824223167928,Highly Effective
SOM,2022.0,Somalia,4.366666666666667,Drought,Sub-Saharan Africa,2380701138.0,1788436397.9314067,-592264740.0685933,-33.11634345809757,Well Funded,65.0,Highly Effective
SOM,2023.0,Somalia,4.672727272727273,Drought,Sub-Saharan Africa,1348957878.0,1547812597.9357312,198854719.93573117,12.847467464791116,Adequately Funded,35.36874136964166,Needs Improvement
SOM,2024.0,Somalia,4.658333333333333,Drought,Sub-Saharan Africa,1052779681.0,1080121135.2025716,27341454.20257163,2.5313322100158584,Adequately Funded,70.28855465505654,Highly Effective
SOM,2025.0,Somalia,4.325,Drought,Sub-Saharan Africa,488342378.0,570142266.8891828,81799888.8891828,14.347276748222923,Adequately Funded,54.7752664563785,Moderately Effective
SSD,2020.0,South Sudan,4.300000000000001,Conflict,Sub-Saharan Africa,1505347390.0,1394237546.9127274,-111109843.08727264,-7.969218970849276,Adequately Funded,55.57726832074608,Moderately Effective
SSD,2021.0,South Sudan,4.441666666666666,Conflict,Sub-Saharan Africa,1485725918.0,1235611255.3509839,-250114662.64901614,-20.242180666925808,Well Funded,54.70440507466379,Moderately Effective
SSD,2022.0,South Sudan,4.533333333333333,Conflict,Sub-Saharan Africa,1434750149.0,1244475146.0497537,-190275002.95024633,-15.289578386054743,Adequately Funded,58.429623497465855,Moderately Effective
SSD,2023.0,South Sudan,4.381818181818182,Flood,Sub-Saharan Africa,1311757760.0,1106065067.7312005,-205692692.26879954,-18.59679853109579,Adequately Funded,48.09275529514777,Moderately Effective
SSD,2024.0,South Sudan,4.341666666666667,Flood,Sub-Saharan Africa,1409803234.0,1204988033.982306,-204815200.017694,-16.997280822848527,Adequately Funded,74.34662102479584,Highly Effective
SSD,2025.0,South Sudan,4.466666666666667,Flood,Sub-Saharan Africa,843153655.0,913935521.2243017,70781866.2243017,7.744733034282637,Adequately Funded,62.36254138138474,Highly Effective
SVK,2022.0,Slovakia,1.82,Complex Emergency,Europe,0.0,67729324.03467175,67729324.03467175,100.0,No Funding Data,25.0,Critical - Underfunded
SVK,2023.0,Slovakia,1.7454545454545454,Complex Emergency,Europe,0.0,45601967.31078951,45601967.31078951,100.0,No Funding Data,45.0,Moderately Effective
SVK,2024.0,Slovakia,1.616666666666667,Complex Emergency,Europe,0.0,47070349.59453548,47070349.59453548,100.0,No Funding Data,37.5,Needs Improvement
SVK,2025.0,Slovakia,1.7,Complex Emergency,Europe,0.0,42816777.76864214,42816777.76864214,100.0,No Funding Data,40.0,Needs Improvement
SWZ,2020.0,Eswatini,2.575,Complex Emergency,Sub-Saharan Africa,0.0,21398946.99747783,21398946.99747783,100.0,No Funding Data,29.999999999999996,Critical - Underfunded
SWZ,2021.0,Eswatini,2.533333333333333,Complex Emergency,Sub-Saharan Africa,0.0,25656460.84653455,25656460.84653455,100.0,No Funding Data,45.0,Moderately Effective
SWZ,2022.0,Eswatini,2.308333333333333,Complex Emergency,Sub-Saharan Africa,0.0,9107653.153601794,9107653.153601794,100.0,No Funding Data,45.0,Moderately Effective
SWZ,2023.0,Eswatini,2.327272727272727,Complex Emergency,Sub-Saharan Africa,0.0,7655876.106062454,7655876.106062454,100.0,No Funding Data,37.5,Needs Improvement
SWZ,2024.0,Eswatini,2.358333333333333,Complex Emergency,Sub-Saharan Africa,0.0,8672800.44566897,8672800.44566897,100.0,No Funding Data,42.5,Needs Improvement
SWZ,2025.0,Eswatini,2.35,Complex Emergency,Sub-Saharan Africa,0.0,11729282.45818574,11729282.45818574,100.0,No Funding Data,37.5,Needs Improvement
SYR,2020.0,Syria,4.9,Complex Emergency,MENA,2862954400.0,2867604387.2468987,4649987.246898651,0.16215581436472012,Adequately Funded,51.247187366691385,Moderately Effective
SYR,2021.0,Syria,4.933333333333334,Conflict,MENA,2853230089.0,2841693656.7017155,-11536432.29828453,-0.40597030123488353,Adequately Funded,44.14776878443466,Needs Improvement
SYR,2022.0,Syria,4.641666666666667,Conflict,MENA,2825787013.0,2740352920.2777696,-85434092.72223043,-3.117631020809196,Adequately Funded,48.97040640479848,Moderately Effective
SYR,2023.0,Syria,4.581818181818182,Earthquake,MENA,3656662646.0,3024831011.6716003,-631831634.3283997,-20.88816307061177,Well Funded,45.60707292570901,Moderately Effective
SYR,2024.0,Syria,4.575,Conflict,MENA,2035506886.0,1980195241.8602736,-55311644.1397264,-2.793241947585151,Adequately Funded,60.593252082426375,Highly Effective
SYR,2025.0,Syria,4.525,Complex Emergency,MENA,2416847362.0,2612557873.9738483,195710511.97384834,7.491145513885271,Adequately Funded,52.71443511783247,Moderately Effective
TCD,2020.0,Chad,4.125,Complex Emergency,Sub-Saharan Africa,323827114.0,333744895.6495354,9917781.649535418,2.9716654183529605,Adequately Funded,36.79715362497261,Needs Improvement
TCD,2021.0,Chad,4.166666666666667,Complex Emergency,Sub-Saharan Africa,288294356.0,329970394.9598505,41676038.95985049,12.630235801888064,Adequately Funded,33.677108069699564,Needs Improvement
TCD,2022.0,Chad,4.291666666666667,Flood,Sub-Saharan Africa,377547133.0,423677266.5066927,46130133.50669271,10.888036048534127,Adequately Funded,49.64335483740548,Moderately Effective
TCD,2023.0,Chad,4.354545454545455,Flood,Sub-Saharan Africa,572699452.0,684525501.0346476,111826049.03464758,16.336286795104723,Adequately Funded,46.21423257692375,Moderately Effective
TCD,2024.0,Chad,3.908333333333333,Flood,Sub-Saharan Africa,939568587.0,293993485.08724105,-645575101.912759,-219.5882339777658,Well Funded,86.9519127868876,Highly Effective
TCD,2025.0,Chad,3.95,Complex Emergency,Sub-Saharan Africa,529432112.0,323420572.55043536,-206011539.44956464,-63.697722697413894,Well Funded,52.02310545610571,Moderately Effective
TGO,2025.0,Togo,2.322222222222222,Complex Emergency,Sub-Saharan Africa,8487305.0,13013918.772826409,4526613.772826409,34.78286480685712,Underfunded,31.0,Needs Improvement
THA,2020.0,Thailand,2.1,Complex Emergency,Asia,0.0,32681267.495253228,32681267.495253228,100.0,No Funding Data,40.0,Needs Improvement
THA,2021.0,Thailand,2.0166666666666666,Complex Emergency,Asia,0.0,32578649.340186328,32578649.340186328,100.0,No Funding Data,37.5,Needs Improvement
THA,2022.0,Thailand,1.8166666666666669,Complex Emergency,Asia,0.0,33731198.25187307,33731198.25187307,100.0,No Funding Data,42.5,Needs Improvement
THA,2023.0,Thailand,1.8,Complex Emergency,Asia,0.0,42177255.64624406,42177255.64624406,100.0,No Funding Data,40.0,Needs Improvement
THA,2024.0,Thailand,2.066666666666667,Complex Emergency,Asia,0.0,33347756.569603726,33347756.569603726,100.0,No Funding Data,27.500000000000007,Critical - Underfunded
THA,2025.0,Thailand,2.15,Complex Emergency,Asia,0.0,15942271.543557014,15942271.543557014,100.0,No Funding Data,44.99999999999999,Needs Improvement
TLS,2021.0,Timor Leste,1.325,Complex Emergency,Asia,18136624.0,11144654.126651792,-6991969.873348208,-62.73832991036768,Well Funded,31.0,Needs Improvement
TLS,2023.0,Timor Leste,2.0,Complex Emergency,Asia,8635290.0,7448418.684040748,-1186871.3159592524,-15.934540824111915,Adequately Funded,30.0,Needs Improvement
TLS,2024.0,Timor Leste,2.0,Drought,Asia,6598469.0,6908749.105290955,310280.10529095493,4.491118443617122,Adequately Funded,30.0,Needs Improvement
TLS,2025.0,Timor Leste,2.0,Complex Emergency,Asia,11218664.0,8650992.33987712,-2567671.6601228807,-29.68066042882836,Well Funded,30.0,Needs Improvement
TON,2022.0,Tonga,1.2666666666666666,Complex Emergency,Other,0.0,6913634.118167825,6913634.118167825,100.0,No Funding Data,42.5,Needs Improvement
TTO,2020.0,Trinidad and Tobago,1.65,Complex Emergency,LAC,8371778.0,7670156.57788232,-701621.4221176803,-9.14741980810245,Adequately Funded,14.717874488672647,Critical - Underfunded
TTO,2021.0,Trinidad and Tobago,1.7583333333333335,Complex Emergency,LAC,5698707.0,7653697.892136559,1954990.892136559,25.543089362661213,Underfunded,29.938155746793235,Critical - Underfunded
TTO,2022.0,Trinidad and Tobago,1.7833333333333332,Complex Emergency,LAC,5026084.0,8598036.962851847,3571952.9628518466,41.54381957514964,Underfunded,21.23283225124757,Critical - Underfunded
TTO,2023.0,Trinidad and Tobago,1.9545454545454544,Complex Emergency,LAC,6359513.0,10490211.307771577,4130698.3077715766,39.37669305775935,Underfunded,25.799358726492294,Critical - Underfunded
TTO,2024.0,Trinidad and Tobago,1.675,Complex Emergency,LAC,3694936.0,6986263.949036624,3291327.9490366243,47.11141710428052,Underfunded,20.613638568644276,Critical - Underfunded
TTO,2025.0,Trinidad and Tobago,1.4083333333333332,Complex Emergency,LAC,1108686.0,3399054.015896341,2290368.015896341,67.3825130517193,Severely Underfunded,15.133315728972386,Critical - Underfunded
TUN,2020.0,Tunisia,,Complex Emergency,MENA,29634312.0,69391578.96698985,39757266.966989845,57.294080288766324,Severely Underfunded,30.0,Needs Improvement
TUN,2021.0,Tunisia,,Complex Emergency,MENA,38147519.0,111839484.81950183,73691965.81950183,65.8908308979012,Severely Underfunded,30.0,Needs Improvement
TUN,2022.0,Tunisia,1.8,Complex Emergency,MENA,26541561.0,18374206.720850818,-8167354.279149182,-44.450105537786136,Well Funded,30.0,Needs Improvement
TUN,2023.0,Tunisia,1.9181818181818184,Complex Emergency,MENA,19103118.0,17462310.61365646,-1640807.3863435388,-9.39627877802345,Adequately Funded,28.0,Critical - Underfunded
TUN,2024.0,Tunisia,2.2916666666666665,Complex Emergency,MENA,8918154.0,16329369.94329214,7411215.943292139,45.38580465155397,Underfunded,32.0,Needs Improvement
TUN,2025.0,Tunisia,1.7666666666666666,Complex Emergency,MENA,10561384.0,13723150.578444865,3161766.5784448646,23.039655218905004,Underfunded,33.0,Needs Improvement
TUR,2020.0,Turkey,3.25,Complex Emergency,Europe,803998430.0,385047818.12044144,-418950611.87955856,-108.80482687179192,Well Funded,42.95215253692933,Needs Improvement
TUR,2021.0,Turkey,3.283333333333333,Complex Emergency,Europe,977644139.0,292761630.3186796,-684882508.6813204,-233.93861686581192,Well Funded,59.95001325521534,Moderately Effective
TUR,2022.0,Turkey,3.1750000000000003,Complex Emergency,Europe,720675363.0,583262969.2871678,-137412393.7128322,-23.559252163868752,Well Funded,48.0616376933454,Moderately Effective
TUR,2023.0,TÃ¼rkiye,3.472727272727273,Earthquake,Europe,1436195336.0,864851207.8437843,-571344128.1562157,-66.06270800970148,Well Funded,45.50530369603846,Moderately Effective
TUR,2024.0,TÃ¼rkiye,3.533333333333333,Complex Emergency,Europe,255714160.0,597919436.6357297,342205276.6357297,57.23267311081097,Severely Underfunded,26.382537632259336,Critical - Underfunded
TUR,2025.0,TÃ¼rkiye,3.5583333333333336,Complex Emergency,Europe,74551369.0,72114499.86620888,-2436869.133791119,-3.379166656237156,Adequately Funded,14.534605579089888,Critical - Underfunded
TZA,2020.0,Tanzania,1.7,Complex Emergency,Sub-Saharan Africa,64970893.0,44396774.79399556,-20574118.20600444,-46.34147030154764,Well Funded,32.49201727997146,Needs Improvement
TZA,2021.0,Tanzania,2.091666666666667,Complex Emergency,Sub-Saharan Africa,35170576.0,39493971.55797192,4323395.557971917,10.94697592422617,Adequately Funded,11.357564960517706,Critical - Underfunded
TZA,2022.0,Tanzania,2.583333333333333,Complex Emergency,Sub-Saharan Africa,86239265.0,59601743.97824062,-26637521.021759383,-44.692519452927755,Well Funded,60.51753396055591,Highly Effective
TZA,2023.0,Tanzania,2.672727272727273,Complex Emergency,Sub-Saharan Africa,82007745.0,103834220.48783018,21826475.487830177,21.02050305312239,Underfunded,64.73864955684813,Highly Effective
TZA,2024.0,Tanzania,2.6083333333333334,Complex Emergency,Sub-Saharan Africa,40990708.0,48210788.273636304,7220080.273636304,14.976067664889332,Adequately Funded,37.95007502959514,Needs Improvement
TZA,2025.0,Tanzania,2.5,Complex Emergency,Sub-Saharan Africa,21537116.0,18230664.123027936,-3306451.8769720644,-18.13676043099024,Adequately Funded,21.619671470538957,Critical - Underfunded
UGA,2020.0,Uganda,3.0,Flood,Sub-Saharan Africa,255492912.0,202799227.68803468,-52693684.31196532,-25.9831779995848,Well Funded,63.0,Highly Effective
UGA,2021.0,Uganda,3.141666666666667,Complex Emergency,Sub-Saharan Africa,216947975.0,175237890.0392832,-41710084.960716814,-23.80197852836886,Well Funded,24.549506800642835,Critical - Underfunded
UGA,2022.0,Uganda,3.208333333333333,Drought,Sub-Saharan Africa,337978711.0,256433796.11272886,-81544914.88727114,-31.799597449091234,Well Funded,31.765579421960844,Needs Improvement
UGA,2023.0,Uganda,3.2181818181818183,Complex Emergency,Sub-Saharan Africa,292928275.0,253225171.32589406,-39703103.67410594,-15.678971986165271,Adequately Funded,30.038083063286965,Needs Improvement
UGA,2024.0,Uganda,3.2416666666666667,Complex Emergency,Sub-Saharan Africa,356802192.0,272479724.37159055,-84322467.62840945,-30.946327409453712,Well Funded,30.59360047783448,Needs Improvement
UGA,2025.0,Uganda,3.275,Complex Emergency,Sub-Saharan Africa,154202430.0,56181801.848160475,-98020628.15183952,-174.47042445657863,Well Funded,21.254089839311764,Critical - Underfunded
UKR,2020.0,Ukraine,3.5,Complex Emergency,Europe,219544560.0,150111367.2544918,-69433192.7455082,-46.25445362028739,Well Funded,65.0,Highly Effective
UKR,2021.0,Ukraine,3.5583333333333336,Complex Emergency,Europe,173319726.0,165689512.06050548,-7630213.93949452,-4.60512789530587,Adequately Funded,63.0,Highly Effective
UKR,2022.0,Ukraine,4.133333333333334,Conflict,Europe,4550123998.0,2138781440.9433079,-2411342557.056692,-112.74375730477497,Well Funded,61.00000000000001,Highly Effective
UKR,2023.0,Ukraine,4.245454545454545,Complex Emergency,Europe,3613900473.0,713671477.3038021,-2900228995.696198,-406.3815197789672,Well Funded,58.37552473074554,Moderately Effective
UKR,2024.0,Ukraine,4.458333333333333,Complex Emergency,Europe,2698052041.0,1734425070.8500552,-963626970.1499448,-55.55886998783197,Well Funded,79.75001522016456,Highly Effective
UKR,2025.0,Ukraine,4.283333333333333,Complex Emergency,Europe,1550882010.0,1288676838.1914203,-262205171.80857968,-20.346852215996115,Well Funded,69.38937117428759,Highly Effective
VCT,2021.0,St. Vincent and the Grenadines,1.54,Complex Emergency,Other,10898472.0,8673519.245140953,-2224952.754859047,-25.65224901190485,Well Funded,29.0,Critical - Underfunded
VEN,2020.0,Venezuela,4.1,Complex Emergency,LAC,266884387.0,382877838.6010322,115993451.6010322,30.29515942339513,Underfunded,29.25044071229326,Critical - Underfunded
VEN,2021.0,Venezuela,4.15,Complex Emergency,LAC,365724648.0,427170057.8084143,61445409.80841428,14.384296999574007,Adequately Funded,37.40687777545325,Needs Improvement
VEN,2022.0,Venezuela,4.109090909090909,Complex Emergency,LAC,317987661.0,382269672.25436616,64282011.25436616,16.815880494854493,Adequately Funded,33.9994853996165,Needs Improvement
VEN,2023.0,Venezuela,4.069999999999999,Complex Emergency,LAC,418309083.0,365088144.41452605,-53220938.585473955,-14.57755870731485,Adequately Funded,38.97274173697674,Needs Improvement
VEN,2024.0,Venezuela,4.05,Complex Emergency,LAC,202252762.0,274244764.6800511,71992002.68005109,26.251003465477595,Underfunded,56.02799730532545,Moderately Effective
VEN,2025.0,Venezuela,3.875,Flood,LAC,120724933.0,220170791.7278136,99445858.7278136,45.16759827559401,Underfunded,37.75989150521664,Needs Improvement
VNM,2020.0,Vietnam,2.4,Flood,Asia,16998671.0,34146235.43085848,17147564.430858478,50.218023200771235,Severely Underfunded,30.0,Needs Improvement
VNM,2021.0,Vietnam,2.775,Complex Emergency,Asia,11486416.0,27042983.492536616,15556567.492536616,57.52533738309589,Severely Underfunded,25.0,Critical - Underfunded
VUT,2020.0,Vanuatu,2.0,Storm,Asia,13401268.0,8324134.102776666,-5077133.897223334,-60.99293733782789,Well Funded,30.0,Needs Improvement
VUT,2021.0,Vanuatu,2.0,Complex Emergency,Asia,889298.0,3473266.0904114237,2583968.0904114237,74.39591505945752,Severely Underfunded,30.0,Needs Improvement
VUT,2023.0,Vanuatu,2.2666666666666666,Storm,Asia,11106944.0,6000982.9065591525,-5105961.0934408475,-85.08541305558404,Well Funded,29.000000000000007,Critical - Underfunded
YEM,2020.0,Yemen,4.6,Conflict,MENA,2248244275.0,2462163581.0113564,213919306.01135635,8.688265380137214,Adequately Funded,46.5548538058829,Moderately Effective
YEM,2021.0,Yemen,4.808333333333334,Conflict,MENA,3682339663.0,2799803262.5124936,-882536400.4875064,-31.521371958668766,Well Funded,60.55766786998628,Highly Effective
YEM,2022.0,Yemen,4.718181818181818,Complex Emergency,MENA,3409464068.0,2814459770.3357377,-595004297.6642623,-21.1409771756405,Well Funded,55.89588646544387,Moderately Effective
YEM,2023.0,Yemen,4.67,Conflict,MENA,2860129736.0,2913513707.090253,53383971.09025288,1.8322883108577455,Adequately Funded,46.21121346665959,Moderately Effective
YEM,2024.0,Yemen,4.7,Conflict,MENA,2758894701.0,2334117973.0511622,-424776727.94883776,-18.19859719402139,Adequately Funded,88.0,Highly Effective
YEM,2025.0,Yemen,4.566666666666666,Complex Emergency,MENA,1365959278.0,1950376939.6298926,584417661.6298926,29.964344314940107,Underfunded,67.30844803217518,Highly Effective
ZMB,2020.0,Zambia,2.725,Complex Emergency,Sub-Saharan Africa,42892237.0,63615388.939689994,20723151.939689994,32.57569007294193,Underfunded,21.964785573477272,Critical - Underfunded
ZMB,2021.0,Zambia,2.8083333333333336,Complex Emergency,Sub-Saharan Africa,27379660.0,27580438.1015416,200778.10154160112,0.7279728509112359,Adequately Funded,28.16414398162257,Critical - Underfunded
ZMB,2022.0,Zambia,2.88,Complex Emergency,Sub-Saharan Africa,9360329.0,16427239.611849945,7066910.611849945,43.019465100832655,Underfunded,17.898412298494197,Critical - Underfunded
ZMB,2023.0,Zambia,2.96,Complex Emergency,Sub-Saharan Africa,10191904.0,26552258.459620725,16360354.459620725,61.615679451526475,Severely Underfunded,24.42851765520324,Critical - Underfunded
ZMB,2024.0,Zambia,3.4416666666666664,Drought,Sub-Saharan Africa,61810735.0,58116081.02698298,-3694653.973017022,-6.357369436699653,Adequately Funded,31.59117401645081,Needs Improvement
ZMB,2025.0,Zambia,3.2583333333333333,Drought,Sub-Saharan Africa,43078242.0,47560087.94167349,4481845.941673487,9.423544269240864,Adequately Funded,33.1093413238707,Needs Improvement
ZWE,2020.0,Zimbabwe,3.55,Conflict,Sub-Saharan Africa,274316727.0,432940783.6257559,158624056.6257559,36.638741976979986,Underfunded,30.841118431305496,Needs Improvement
ZWE,2021.0,Zimbabwe,3.525,Complex Emergency,Sub-Saharan Africa,157724716.0,434095120.3339866,276370404.3339866,63.66586293836962,Severely Underfunded,24.111139476941883,Critical - Underfunded
ZWE,2022.0,Zimbabwe,3.82,Complex Emergency,Sub-Saharan Africa,99327730.0,336149610.7131772,236821880.7131772,70.45133272971353,Severely Underfunded,29.0,Critical - Underfunded
ZWE,2023.0,Zimbabwe,3.55,Drought,Sub-Saharan Africa,81359816.0,102392724.94083138,21032908.940831378,20.541409512233848,Underfunded,34.0,Needs Improvement
ZWE,2024.0,Zimbabwe,3.6916666666666655,Drought,Sub-Saharan Africa,131154863.0,190081718.99631816,58926855.99631816,31.000801290869827,Underfunded,33.20524585324568,Needs Improvement
ZWE,2025.0,Zimbabwe,3.65,Complex Emergency,Sub-Saharan Africa,31253888.0,50757669.74356029,19503781.74356029,38.425289896281676,Underfunded,23.01269915066684,Critical - Underfunded
