ISO3,Year,Country,INFORM_Mean,INFORM_Change,FTS_Requirements,FTS_Funding,FTS_Percent_Funded,FTS_Funding_Gap,Score_Coverage,Score_Efficiency,Score_Outcome,Score_Gap,Effectiveness_Score,Effectiveness_Category,Is_Good_Crisis
AFG,2020.0,Afghanistan,4.6,0.0,1131050820.0,741697870.0,65.57599860985911,389352950.0,65.57599860985911,0.0,50.0,65.57599860985911,46.06679923542251,Moderately Effective,True
AFG,2021.0,Afghanistan,4.65,0.1000000000000005,1474927646.0,2037763478.0,138.16023338679761,-562835832.0,100.0,0.0,44.99999999999997,100.0,63.99999999999999,Highly Effective,True
AFG,2022.0,Afghanistan,4.541666666666667,-0.2000000000000001,4442200000.0,3821708995.0,86.0318984962406,620491005.0,86.0318984962406,0.0,60.00000000000001,86.0318984962406,59.31754417293233,Moderately Effective,True
AFG,2023.0,Afghanistan,4.454545454545454,-0.0999999999999996,3227372908.0,1923273437.0,59.59253832219379,1304099471.0,59.59253832219379,0.0,54.99999999999998,59.59253832219378,43.77589607720658,Needs Improvement,False
AFG,2024.0,Afghanistan,4.4,0.0,3059587797.0,1696053535.0,55.434053458541754,1363534262.0,55.434053458541754,49.95939470105914,50.0,55.434053458541754,52.97857807746275,Moderately Effective,True
AFG,2025.0,Afghanistan,4.483333333333333,0.0999999999999996,2416811546.0,1127519120.0,46.65316672564423,1289292426.0,46.65316672564423,35.5142192153488,45.00000000000002,46.65316672564423,43.53779650294153,Needs Improvement,False
AGO,2021.0,Angola,3.2,0.0,23099697.0,14245845.0,61.671133608375904,8853852.0,61.671133608375904,0.0,50.0,61.6711336083759,43.91912348460674,Needs Improvement,False
AGO,2022.0,Angola,3.1833333333333336,-0.1,25050490.0,24805437.0,99.02176364614026,245053.0,99.02176364614026,0.0,55.0,99.02176364614026,65.46197000537714,Highly Effective,True
AGO,2023.0,Angola,3.1090909090909093,0.1,23682962.0,18322282.0,77.36482455192893,5360680.0,77.36482455192893,0.0,45.0,77.36482455192893,51.55065350356091,Moderately Effective,True
AGO,2024.0,Angola,2.9416666666666664,-0.5,20646267.0,10103738.0,48.93735995955104,10542529.0,48.93735995955104,0.0,75.0,48.93735995955104,41.91554797775307,Needs Improvement,False
AGO,2025.0,Angola,3.091666666666667,0.3000000000000002,20227157.0,11182886.0,55.28649429081902,9044271.0,55.28649429081902,0.0,34.999999999999986,55.28649429081902,37.40757185995046,Needs Improvement,False
ARM,2020.0,Armenia,,,,,,,0.0,0.0,50.0,100.0,40.0,Needs Improvement,False
ARM,2021.0,Armenia,1.6833333333333331,-0.0999999999999998,,,,,0.0,0.0,54.99999999999999,100.0,42.5,Needs Improvement,False
ARM,2022.0,Armenia,1.4,-0.3,,,,,0.0,0.0,65.0,100.0,47.5,Moderately Effective,True
ARM,2023.0,Armenia,1.6909090909090911,0.9999999999999998,,,,,0.0,0.0,1.4210854715202004e-14,100.0,15.000000000000007,Critical - Underfunded,False
ARM,2024.0,Armenia,2.216666666666667,-0.0999999999999996,,,,,0.0,0.0,54.99999999999998,100.0,42.499999999999986,Needs Improvement,False
ARM,2025.0,Armenia,2.1666666666666665,-0.1,,,,,0.0,0.0,55.0,100.0,42.5,Needs Improvement,False
AZE,2020.0,Azerbaijan,,,,,,,0.0,0.0,50.0,100.0,40.0,Needs Improvement,False
AZE,2021.0,Azerbaijan,,,,,,,0.0,0.0,50.0,100.0,40.0,Needs Improvement,False
AZE,2022.0,Azerbaijan,1.8,0.0,,,,,0.0,0.0,50.0,100.0,40.0,Needs Improvement,False
AZE,2023.0,Azerbaijan,2.0545454545454547,0.4000000000000001,,,,,0.0,0.0,29.999999999999996,100.0,30.0,Needs Improvement,False
AZE,2024.0,Azerbaijan,1.8,-0.6000000000000001,,,,,0.0,0.0,80.0,100.0,55.0,Moderately Effective,True
BDI,2020.0,Burundi,3.325,0.0,197893000.0,110941703.0,56.0614589702516,86951297.0,56.0614589702516,0.0,50.0,56.0614589702516,40.83380243363838,Needs Improvement,False
BDI,2021.0,Burundi,3.766666666666666,0.6000000000000001,194684000.0,103301459.0,53.06109336154999,91382541.0,53.06109336154999,0.0,19.999999999999996,53.06109336155,33.18360134885249,Needs Improvement,False
BDI,2022.0,Burundi,3.5666666666666664,-0.3999999999999999,182414025.0,109341278.0,59.94126712570483,73072747.0,59.94126712570483,0.0,70.0,59.94126712570483,46.96769691913766,Moderately Effective,True
BDI,2023.0,Burundi,3.4,-0.1,237180119.0,128221437.0,54.060786182504614,108958682.0,54.060786182504614,0.0,55.0,54.060786182504614,40.73343240037754,Needs Improvement,False
BDI,2024.0,Burundi,3.2999999999999994,0.0,90341310.0,62509154.0,69.19221560989098,27832156.0,69.19221560989098,0.0,50.0,69.19221560989098,48.05571858544004,Moderately Effective,True
BDI,2025.0,Burundi,3.325,0.1,132607381.0,37288993.0,28.119847265515336,95318388.0,28.119847265515336,0.0,45.0,28.119847265515332,24.46591599603343,Critical - Underfunded,False
BEN,2024.0,Benin,1.95,0.0,0.0,8958619.0,0.0,-8958619.0,0.0,0.0,50.0,100.0,30.0,Needs Improvement,False
BEN,2025.0,Benin,2.246666666666667,0.2000000000000001,0.0,7798119.0,0.0,-7798119.0,0.0,0.0,39.99999999999999,100.0,28.0,Critical - Underfunded,False
BFA,2020.0,Burkina Faso,3.86,0.0,424357861.0,319111192.0,75.19860507544598,105246669.0,75.19860507544598,0.0,50.0,75.19860507544598,51.35923279149529,Moderately Effective,True
BFA,2021.0,Burkina Faso,3.991666666666666,0.2999999999999998,607875894.0,393147528.0,64.67562406743505,214728366.0,64.67562406743505,0.0,35.00000000000001,64.67562406743505,42.571593237089274,Needs Improvement,False
BFA,2022.0,Burkina Faso,3.875,-0.3999999999999994,805099698.0,408847616.0,50.78223442582883,396252082.0,50.78223442582883,0.0,69.99999999999997,50.78223442582884,41.93022893420586,Needs Improvement,False
BFA,2023.0,Burkina Faso,3.954545454545455,0.2999999999999998,876731475.0,426010389.0,48.59074883789247,450721086.0,48.59074883789247,0.0,35.00000000000001,48.59074883789247,33.72491186084086,Needs Improvement,False
BFA,2024.0,Burkina Faso,4.166666666666667,0.0,934604385.0,493265467.0,52.77799622136376,441338918.0,52.77799622136376,100.0,50.0,52.77799622136376,64.02789792175007,Highly Effective,True
BFA,2025.0,Burkina Faso,4.083333333333333,-0.2000000000000001,792565236.0,318628105.0,40.20212980928676,473937131.0,40.20212980928676,82.90385514019097,60.00000000000001,40.20212980928677,54.83713518015546,Moderately Effective,True
BGD,2020.0,Bangladesh,3.0,0.3999999999999999,1264027556.0,829188025.0,65.59888833626029,434839531.0,65.59888833626029,0.0,30.000000000000004,65.5988883362603,42.07938858494316,Needs Improvement,False
BGD,2021.0,Bangladesh,3.2416666666666667,0.0999999999999996,943123350.0,783107844.0,83.03344880603369,160015506.0,83.03344880603369,0.0,45.00000000000002,83.0334488060337,54.66839684331853,Moderately Effective,True
BGD,2022.0,Bangladesh,3.3166666666666664,0.1,881030780.0,703374693.0,79.8354278836887,177656087.0,79.8354278836887,0.0,45.0,79.8354278836887,52.90948533602878,Moderately Effective,True
BGD,2023.0,Bangladesh,3.5375,1.0999999999999996,875927365.0,693718186.0,79.19814059011617,182209179.0,79.19814059011617,0.0,0.0,79.19814059011617,43.55897732456389,Needs Improvement,False
BGD,2024.0,Bangladesh,3.983333333333333,-0.0999999999999996,951060075.0,676856314.0,71.16861823896876,274203761.0,71.16861823896876,0.0,54.99999999999998,71.16861823896876,50.142740031432815,Moderately Effective,True
BGD,2025.0,Bangladesh,3.4250000000000003,-0.1,970135849.0,511973668.0,52.77339957365085,458162181.0,52.77339957365085,0.0,55.0,52.77339957365084,40.02536976550796,Needs Improvement,False
BGR,2023.0,Bulgaria,1.5,0.0,,,,,0.0,0.0,50.0,100.0,40.0,Needs Improvement,False
BGR,2024.0,Bulgaria,1.5916666666666668,0.0,,,,,0.0,0.0,50.0,100.0,40.0,Needs Improvement,False
BGR,2025.0,Bulgaria,1.52,0.0,,,,,0.0,0.0,50.0,100.0,40.0,Needs Improvement,False
BLR,2023.0,Belarus,1.8,0.0,,,,,0.0,0.0,50.0,100.0,40.0,Needs Improvement,False
BLR,2024.0,Belarus,1.8583333333333327,0.0999999999999998,,,,,0.0,0.0,45.00000000000001,100.0,37.5,Needs Improvement,False
BLR,2025.0,Belarus,1.7833333333333332,-0.1999999999999999,,,,,0.0,0.0,59.99999999999999,100.0,45.0,Moderately Effective,True
BOL,2025.0,Bolivia,2.9,0.0,12187019.0,2887212.0,23.69087961543344,9299807.0,23.69087961543344,0.0,50.0,23.69087961543343,23.029983788488387,Critical - Underfunded,False
BRA,2020.0,Brazil,2.3,0.0,59659922.0,71292757.0,119.49857560993794,-11632835.0,100.0,0.0,50.0,100.0,65.0,Highly Effective,True
BRA,2021.0,Brazil,2.4916666666666667,0.1,98126574.0,63111056.0,64.31596806793641,35015518.0,64.31596806793641,0.0,45.0,64.31596806793641,44.37378243736502,Needs Improvement,False
BRA,2022.0,Brazil,2.5166666666666666,0.5,125548197.0,36402195.0,28.99459798693883,89146002.0,28.99459798693883,0.0,25.0,28.994597986938828,20.947028892816355,Critical - Underfunded,False
BRA,2023.0,Brazil,2.663636363636364,-0.3000000000000002,122030337.0,43414721.0,35.57699017089496,78615616.0,35.57699017089496,0.0,65.00000000000001,35.57699017089496,32.56734459399223,Needs Improvement,False
BRA,2024.0,Brazil,2.441666666666667,0.1,110207978.0,59330316.0,53.83486484072868,50877662.0,53.83486484072868,0.0,45.0,53.83486484072868,38.60917566240077,Needs Improvement,False
BRA,2025.0,Brazil,2.6500000000000004,0.2000000000000001,113420823.0,19003919.0,16.755229328568706,94416904.0,16.755229328568706,0.0,39.99999999999999,16.755229328568717,17.21537613071279,Critical - Underfunded,False
CAF,2020.0,CAR,4.0,0.0,553622290.0,439115454.0,79.3167944881699,114506836.0,79.3167944881699,0.0,50.0,79.3167944881699,53.62423696849344,Moderately Effective,True
CAF,2021.0,CAR,4.183333333333333,0.2999999999999998,444760000.0,522168777.0,117.40461754654194,-77408777.0,100.0,0.0,35.00000000000001,100.0,62.0,Highly Effective,True
CAF,2022.0,CAR,4.166666666666667,-0.2000000000000001,461253975.0,511715028.0,110.93997141162848,-50461053.0,100.0,0.0,60.00000000000001,100.0,67.0,Highly Effective,True
CAF,2023.0,CAR,4.1454545454545455,0.0,533305798.0,416695044.0,78.13435472906671,116610754.0,78.13435472906671,0.0,50.0,78.13435472906671,52.97389510098669,Moderately Effective,True
CAF,2024.0,CAR,4.066666666666666,-0.0999999999999996,413844967.0,286791668.0,69.29930067265987,127053299.0,69.29930067265987,100.0,54.99999999999998,69.29930067265987,74.11461536996292,Highly Effective,True
CAF,2025.0,CAR,4.0,0.0,326056578.0,139009552.0,42.63356772394268,187047026.0,42.63356772394268,100.0,50.0,42.633567723942676,58.448462248168475,Moderately Effective,True
CHL,2022.0,Chile,2.409090909090909,0.2999999999999998,59473329.0,12096511.0,20.339387761529206,47376818.0,20.339387761529206,0.0,35.00000000000001,20.33938776152921,18.186663268841066,Critical - Underfunded,False
CHL,2023.0,Chile,2.5454545454545454,0.1,80705133.0,19060701.0,23.617705951863062,61644432.0,23.617705951863062,0.0,45.0,23.617705951863073,21.989738273524686,Critical - Underfunded,False
CHL,2024.0,Chile,2.558333333333333,-0.1,85950872.0,13255313.0,15.421964538067748,72695559.0,15.421964538067748,0.0,55.0,15.42196453806774,19.48208049593726,Critical - Underfunded,False
CHL,2025.0,Chile,2.658333333333333,0.1,80306084.0,2691702.0,3.3518033328583177,77614382.0,3.3518033328583177,0.0,45.0,3.35180333285831,10.843491833072074,Critical - Underfunded,False
CHN,2020.0,China,3.0,0.0,,,,,0.0,0.0,50.0,100.0,40.0,Needs Improvement,False
CIV,2025.0,CÃ´te d'Ivoire,2.1375,-0.1999999999999997,0.0,26623086.0,0.0,-26623086.0,0.0,0.0,59.999999999999986,100.0,32.0,Needs Improvement,False
CMR,2020.0,Cameroon,3.7,0.0,390920124.0,230698348.0,59.01419083761469,160221776.0,59.01419083761469,0.0,50.0,59.01419083761469,42.45780496068808,Needs Improvement,False
CMR,2021.0,Cameroon,4.025,0.5999999999999996,361554315.0,241481675.0,66.78987498738606,120072640.0,66.78987498738606,0.0,20.000000000000018,66.78987498738607,40.73443124306233,Needs Improvement,False
CMR,2022.0,Cameroon,4.108333333333333,-0.2999999999999998,376046051.0,271725406.0,72.25854527056316,104320645.0,72.25854527056316,0.0,64.99999999999999,72.25854527056315,52.74219989880973,Moderately Effective,True
CMR,2023.0,Cameroon,4.0,0.0999999999999996,407309869.0,168675111.0,41.411987245514055,238634758.0,41.411987245514055,0.0,45.00000000000002,41.41198724551405,31.776592985032735,Needs Improvement,False
CMR,2024.0,Cameroon,3.858333333333333,-0.3999999999999994,371369724.0,199525979.0,53.727045072742655,171843745.0,53.727045072742655,100.0,69.99999999999997,53.727045072742655,68.54987479000846,Highly Effective,True
CMR,2025.0,Cameroon,3.908333333333333,0.2999999999999998,359298328.0,111707940.0,31.09058164055804,247590388.0,31.09058164055804,31.891220870463187,35.00000000000001,31.090581640558028,32.07262511992272,Needs Improvement,False
COD,2020.0,DRC,4.5,0.0,2069134820.0,1184922841.0,57.26658454280905,884211979.0,57.26658454280905,0.0,50.0,57.266584542809056,41.496621498544975,Needs Improvement,False
COD,2021.0,DRC,4.55,0.0999999999999996,1984303303.0,1110696154.0,55.97411203825426,873607149.0,55.97411203825426,0.0,45.00000000000002,55.97411203825426,39.785761621039846,Needs Improvement,False
COD,2022.0,DRC,4.341666666666667,-0.3999999999999994,1881674597.0,1110929800.0,59.039421681686235,770744797.0,59.039421681686235,0.0,69.99999999999997,59.039421681686235,46.471681924927424,Moderately Effective,True
COD,2023.0,DRC,4.409090909090909,0.0999999999999996,2252684083.0,1098387531.0,48.7590576632134,1154296552.0,48.7590576632134,0.0,45.00000000000002,48.7590576632134,35.81748171476737,Needs Improvement,False
COD,2024.0,DRC,4.358333333333333,0.0,2580627746.0,1494639845.0,57.91768484690236,1085987901.0,57.91768484690236,100.0,50.0,57.91768484690236,66.85472666579629,Highly Effective,True
COD,2025.0,DRC,4.366666666666666,0.2000000000000001,2538016151.0,688183984.0,27.115035644231405,1849832167.0,27.115035644231405,43.30028036895226,39.99999999999999,27.115035644231412,33.73833969656533,Needs Improvement,False
COG,2020.0,Congo,2.175,-0.0999999999999996,11989124.0,20113199.0,167.76203999558265,-8124075.0,100.0,0.0,54.99999999999998,100.0,66.0,Highly Effective,True
COG,2021.0,Congo,3.3000000000000003,0.1999999999999997,11079843.0,10244816.0,92.46354844558718,835027.0,92.46354844558718,0.0,40.000000000000014,92.46354844558718,58.854951645072944,Moderately Effective,True
COG,2022.0,Congo,2.6666666666666665,-1.2999999999999998,15470197.0,21360714.0,138.0765480879138,-5890517.0,100.0,0.0,100.0,100.0,75.0,Highly Effective,True
COG,2023.0,Congo,2.2545454545454544,0.0999999999999996,18698995.0,15164707.0,81.0990483713162,3534288.0,81.0990483713162,0.0,45.00000000000002,81.09904837131621,53.60447660422392,Moderately Effective,True
COG,2024.0,Congo,2.6083333333333334,0.3000000000000002,23619974.0,34443392.0,145.82315797638051,-10823418.0,100.0,0.0,34.999999999999986,100.0,62.0,Highly Effective,True
COG,2025.0,Congo,2.7,0.0,22496182.0,32497443.0,144.45759284842202,-10001261.0,100.0,0.0,50.0,100.0,65.0,Highly Effective,True
COL,2020.0,Colombia,4.1,-0.3000000000000002,553280569.0,520447814.0,94.06580370979918,32832755.0,94.06580370979918,0.0,65.00000000000001,94.06580370979918,64.73619204038955,Highly Effective,True
COL,2021.0,Colombia,3.991666666666666,0.3000000000000002,815000845.0,505949697.0,62.07965305851923,309051148.0,62.07965305851923,0.0,34.999999999999986,62.07965305851923,41.14380918218557,Needs Improvement,False
COL,2022.0,Colombia,3.9416666666666655,-0.2000000000000001,1085757791.0,486991044.0,44.85264098832518,598766747.0,44.85264098832518,0.0,60.00000000000001,44.85264098832518,36.668952543578854,Needs Improvement,False
COL,2023.0,Colombia,3.9818181818181815,-0.1,948184043.0,437608268.0,46.15224979060315,510575775.0,46.15224979060315,0.0,55.0,46.15224979060315,36.38373738483173,Needs Improvement,False
COL,2024.0,Colombia,3.9666666666666655,0.0999999999999996,907860094.0,456420792.0,50.27435339613022,451439302.0,50.27435339613022,100.0,45.00000000000002,50.274353396130216,61.65089436787162,Highly Effective,True
COL,2025.0,Colombia,3.9785714285714286,-0.0999999999999996,809539590.0,203739036.0,25.167272671618196,605800554.0,25.167272671618196,69.71554201396529,54.99999999999998,25.167272671618207,42.27088547288133,Needs Improvement,False
CRI,2020.0,Costa Rica,1.1,0.0,59659922.0,9762846.0,16.36416152203484,49897076.0,16.36416152203484,0.0,50.0,16.36416152203485,19.000288837119164,Critical - Underfunded,False
CRI,2021.0,Costa Rica,1.1416666666666668,0.0,7782642.0,16945411.0,217.73339953193275,-9162769.0,100.0,0.0,50.0,100.0,65.0,Highly Effective,True
CRI,2022.0,Costa Rica,1.616666666666667,1.0,9409183.0,22922763.0,243.6211836883181,-13513580.0,100.0,0.0,0.0,100.0,55.0,Moderately Effective,True
CRI,2023.0,Costa Rica,2.0454545454545454,0.0,10369525.0,25839315.0,249.18513625262486,-15469790.0,100.0,0.0,50.0,100.0,65.0,Highly Effective,True
CRI,2024.0,Costa Rica,2.2,0.0,12561603.0,23539814.0,187.39498454138376,-10978211.0,100.0,0.0,50.0,100.0,65.0,Highly Effective,True
CRI,2025.0,Costa Rica,2.1083333333333334,-0.1,18903343.0,1059282.0,5.603675498032279,17844061.0,5.603675498032279,0.0,55.0,5.603675498032274,14.082021523917753,Critical - Underfunded,False
CUB,2025.0,Cuba,3.033333333333333,0.0,0.0,23200494.0,0.0,-23200494.0,0.0,0.0,50.0,100.0,30.0,Needs Improvement,False
CZE,2023.0,Czech Republic,1.8,0.0,,,,,0.0,0.0,50.0,100.0,40.0,Needs Improvement,False
CZE,2024.0,Czech Republic,1.8166666666666669,0.0999999999999998,,,,,0.0,0.0,45.00000000000001,100.0,37.5,Needs Improvement,False
CZE,2025.0,Czech Republic,1.9,0.0,,,,,0.0,0.0,50.0,100.0,40.0,Needs Improvement,False
DJI,2020.0,Djibouti,2.95,0.1,44235312.0,33791027.0,76.38925887987406,10444285.0,76.38925887987406,0.0,45.0,76.38925887987406,51.01409238393073,Moderately Effective,True
DJI,2021.0,Djibouti,2.7416666666666667,-0.2000000000000001,12150800.0,21278643.0,175.12133357474403,-9127843.0,100.0,0.0,60.00000000000001,100.0,67.0,Highly Effective,True
DJI,2022.0,Djibouti,2.6166666666666667,-0.0999999999999996,9376294.0,70542587.0,752.3504169131215,-61166293.0,100.0,0.0,54.99999999999998,100.0,66.0,Highly Effective,True
DJI,2023.0,Djibouti,2.8000000000000003,0.1999999999999997,4657000.0,63649642.0,1366.7520292033498,-58992642.0,100.0,0.0,40.000000000000014,100.0,63.0,Highly Effective,True
DJI,2024.0,Djibouti,2.8666666666666667,-0.1,8324000.0,28597878.0,343.55932244113404,-20273878.0,100.0,0.0,55.0,100.0,66.0,Highly Effective,True
DJI,2025.0,Djibouti,2.7416666666666667,-0.0999999999999996,11691000.0,22392579.0,191.53690017962535,-10701579.0,100.0,0.0,54.99999999999998,100.0,66.0,Highly Effective,True
DOM,2022.0,Dominican Republic,2.0181818181818185,0.3000000000000002,24394843.0,9005991.0,36.91760180625061,15388852.0,36.91760180625061,0.0,34.999999999999986,36.91760180625061,27.304680993437835,Critical - Underfunded,False
DOM,2023.0,Dominican Republic,1.9727272727272729,-0.4000000000000001,24991409.0,13388427.0,53.572117522465426,11602982.0,53.572117522465426,0.0,70.0,53.57211752246542,43.46466463735598,Needs Improvement,False
DOM,2024.0,Dominican Republic,1.8,0.0,19450420.0,13344369.0,68.60709948679772,6106051.0,68.60709948679772,0.0,50.0,68.60709948679771,47.73390471773874,Moderately Effective,True
DOM,2025.0,Dominican Republic,1.8916666666666664,0.1999999999999999,10727500.0,5231250.0,48.76485667676532,5496250.0,48.76485667676532,0.0,40.00000000000001,48.76485667676532,34.820671172220926,Needs Improvement,False
DZA,2020.0,Algeria,,,,,,,0.0,0.0,50.0,100.0,40.0,Needs Improvement,False
DZA,2021.0,Algeria,,,,,,,0.0,0.0,50.0,100.0,40.0,Needs Improvement,False
DZA,2022.0,Algeria,2.66,0.1,,,,,0.0,0.0,45.0,100.0,37.5,Needs Improvement,False
DZA,2023.0,Algeria,2.6272727272727274,-0.2000000000000001,,,,,0.0,0.0,60.00000000000001,100.0,45.0,Moderately Effective,True
DZA,2024.0,Algeria,2.708333333333333,0.1999999999999997,,,,,0.0,0.0,40.000000000000014,100.0,35.00000000000001,Needs Improvement,False
DZA,2025.0,Algeria,2.7,-0.1999999999999997,,,,,0.0,0.0,59.999999999999986,100.0,44.99999999999999,Needs Improvement,False
ECU,2020.0,Ecuador,2.4,0.0,106084922.0,126407929.0,119.15730022406012,-20323007.0,100.0,0.0,50.0,100.0,65.0,Highly Effective,True
ECU,2021.0,Ecuador,2.35,0.1,236466451.0,89725059.0,37.94409677168116,146741392.0,37.94409677168116,0.0,45.0,37.94409677168116,29.86925322442464,Critical - Underfunded,False
ECU,2022.0,Ecuador,2.6166666666666667,0.3999999999999999,288286393.0,96328039.0,33.4140082012126,191958354.0,33.4140082012126,0.0,30.000000000000004,33.41400820121261,24.377704510666934,Critical - Underfunded,False
ECU,2023.0,Ecuador,2.7,-0.1999999999999997,300921389.0,84295221.0,28.012372693122188,216626168.0,28.012372693122188,0.0,59.999999999999986,28.012372693122188,27.406804981217203,Critical - Underfunded,False
ECU,2024.0,Ecuador,2.6583333333333337,0.1,288779587.0,112217012.0,38.85905273491509,176562575.0,38.85905273491509,0.0,45.0,38.85905273491509,30.3724790042033,Needs Improvement,False
ECU,2025.0,Ecuador,3.463636363636364,0.0,229690772.0,30368800.0,13.221602128621868,199321972.0,13.221602128621868,0.0,50.0,13.221602128621868,17.271881170742027,Critical - Underfunded,False
EGY,2020.0,Egypt,2.3,0.1999999999999997,169085255.0,92624128.0,54.7795418352712,76461127.0,54.7795418352712,0.0,40.000000000000014,54.7795418352712,38.12874800939916,Needs Improvement,False
EGY,2021.0,Egypt,2.6083333333333334,-0.6000000000000001,127315564.0,101469267.0,79.69902799943611,25846297.0,79.69902799943611,0.0,80.0,79.69902799943611,59.83446539968986,Moderately Effective,True
EGY,2022.0,Egypt,2.1416666666666666,-0.7,130191927.0,171453047.0,131.6925334394966,-41261120.0,100.0,0.0,85.0,100.0,72.0,Highly Effective,True
EGY,2023.0,Egypt,1.9363636363636365,0.4999999999999998,280129086.0,130435308.0,46.56257222786212,149693778.0,46.56257222786212,0.0,25.00000000000001,46.56257222786212,30.60941472532417,Needs Improvement,False
EGY,2024.0,Egypt,2.25,-0.0999999999999996,259234188.0,168950936.0,65.17309206145295,90283252.0,65.17309206145295,0.0,54.99999999999998,65.17309206145293,46.84520063379911,Moderately Effective,True
EGY,2025.0,Egypt,2.2,0.0,289273038.0,113359764.0,39.1878084399971,175913274.0,39.1878084399971,0.0,50.0,39.1878084399971,31.553294641998406,Needs Improvement,False
ERI,2020.0,Eritrea,3.725,-0.0999999999999996,0.0,13802903.0,0.0,-13802903.0,0.0,0.0,54.99999999999998,100.0,30.999999999999996,Needs Improvement,False
ERI,2021.0,Eritrea,3.75,0.0999999999999996,0.0,10048531.0,0.0,-10048531.0,0.0,0.0,45.00000000000002,100.0,29.000000000000007,Critical - Underfunded,False
ERI,2022.0,Eritrea,3.65,-0.2999999999999998,0.0,8948877.0,0.0,-8948877.0,0.0,0.0,64.99999999999999,100.0,33.0,Needs Improvement,False
ERI,2023.0,Eritrea,3.527272727272727,0.1,0.0,10884394.0,0.0,-10884394.0,0.0,0.0,45.0,100.0,29.0,Critical - Underfunded,False
ERI,2024.0,Eritrea,3.3000000000000003,-0.6000000000000001,0.0,8160669.0,0.0,-8160669.0,0.0,0.0,80.0,100.0,36.0,Needs Improvement,False
ERI,2025.0,Eritrea,2.9916666666666667,0.0,0.0,4361365.0,0.0,-4361365.0,0.0,0.0,50.0,100.0,30.0,Needs Improvement,False
ESP,2020.0,Spain,1.2,0.0,,,,,0.0,0.0,50.0,100.0,40.0,Needs Improvement,False
ESP,2021.0,Spain,1.6666666666666667,0.3,,,,,0.0,0.0,35.0,100.0,32.5,Needs Improvement,False
ESP,2022.0,Spain,1.7583333333333335,0.0,,,,,0.0,0.0,50.0,100.0,40.0,Needs Improvement,False
ESP,2023.0,Spain,1.8090909090909089,0.0,,,,,0.0,0.0,50.0,100.0,40.0,Needs Improvement,False
ESP,2024.0,Spain,1.85,-0.1,,,,,0.0,0.0,55.0,100.0,42.5,Needs Improvement,False
ESP,2025.0,Spain,1.5416666666666667,0.0,,,,,0.0,0.0,50.0,100.0,40.0,Needs Improvement,False
EST,2023.0,Estonia,1.3,0.0,,,,,0.0,0.0,50.0,100.0,40.0,Needs Improvement,False
EST,2024.0,Estonia,1.2083333333333333,-0.1,,,,,0.0,0.0,55.0,100.0,42.5,Needs Improvement,False
EST,2025.0,Estonia,1.2,0.0,,,,,0.0,0.0,50.0,100.0,40.0,Needs Improvement,False
ETH,2020.0,Ethiopia,4.05,0.0999999999999996,1250804122.0,1017205508.0,81.32412502554897,233598614.0,81.32412502554897,0.0,45.00000000000002,81.32412502554897,53.72826876405193,Moderately Effective,True
ETH,2021.0,Ethiopia,4.591666666666666,0.7000000000000002,2748655139.0,1697580810.0,61.76041460834567,1051074329.0,61.76041460834567,0.0,14.999999999999993,61.76041460834567,36.96822803459012,Needs Improvement,False
ETH,2022.0,Ethiopia,4.475,-0.7000000000000002,3622804854.0,2297293226.0,63.412005851309374,1325511628.0,63.412005851309374,0.0,85.0,63.412005851309374,51.876603218220154,Moderately Effective,True
ETH,2023.0,Ethiopia,4.190909090909091,-0.2000000000000001,4437537705.0,1713993461.0,38.62487656316151,2723544244.0,38.62487656316151,0.0,60.00000000000001,38.6248765631615,33.24368210973883,Needs Improvement,False
ETH,2024.0,Ethiopia,4.25,0.2000000000000001,3691808610.0,1250279058.0,33.86630213205987,2441529552.0,33.86630213205987,75.58361093457206,39.99999999999999,33.86630213205987,45.52236890627594,Moderately Effective,True
ETH,2025.0,Ethiopia,4.241666666666666,-0.0999999999999996,395749374.0,701644827.0,177.29524620802053,-305895453.0,100.0,0.0,54.99999999999998,100.0,66.0,Highly Effective,True
FJI,2021.0,Fiji,1.4,0.0,0.0,10907206.0,0.0,-10907206.0,0.0,0.0,50.0,100.0,30.0,Needs Improvement,False
GHA,2025.0,Ghana,2.48,0.2000000000000001,0.0,10883210.0,0.0,-10883210.0,0.0,0.0,39.99999999999999,100.0,28.0,Critical - Underfunded,False
GMB,2022.0,Gambia,1.66,-0.0999999999999998,,,,,0.0,0.0,54.99999999999999,100.0,42.5,Needs Improvement,False
GMB,2023.0,Gambia,1.5,-0.2000000000000001,,,,,0.0,0.0,60.00000000000001,100.0,45.0,Moderately Effective,True
GRC,2020.0,Greece,1.8,0.0,,,,,0.0,0.0,50.0,100.0,40.0,Needs Improvement,False
GRC,2021.0,Greece,1.6333333333333335,-0.1999999999999999,,,,,0.0,0.0,59.99999999999999,100.0,45.0,Moderately Effective,True
GRC,2022.0,Greece,1.5416666666666667,-0.2000000000000001,,,,,0.0,0.0,60.00000000000001,100.0,45.0,Moderately Effective,True
GRC,2023.0,Greece,1.7909090909090908,0.8000000000000003,,,,,0.0,0.0,9.999999999999986,100.0,19.999999999999993,Critical - Underfunded,False
GRC,2024.0,Greece,2.15,0.1999999999999997,,,,,0.0,0.0,40.000000000000014,100.0,35.00000000000001,Needs Improvement,False
GRC,2025.0,Greece,2.2666666666666666,-0.0999999999999996,,,,,0.0,0.0,54.99999999999998,100.0,42.499999999999986,Needs Improvement,False
GTM,2020.0,Guatemala,3.4,0.0,0.0,54832741.0,0.0,-54832741.0,0.0,0.0,50.0,100.0,30.0,Needs Improvement,False
GTM,2021.0,Guatemala,3.466666666666667,0.2000000000000001,56291832.0,118584871.0,210.66088415811373,-62293039.0,100.0,0.0,39.99999999999999,100.0,63.0,Highly Effective,True
GTM,2022.0,Guatemala,3.5500000000000003,-0.1,153531304.0,88628750.0,57.72682683656487,64902554.0,57.72682683656487,0.0,55.0,57.726826836564875,42.749754760110676,Needs Improvement,False
GTM,2023.0,Guatemala,3.472727272727273,-0.1,126145348.0,69611275.0,55.18338654866607,56534073.0,55.18338654866607,0.0,55.0,55.18338654866607,41.35086260176634,Needs Improvement,False
GTM,2024.0,Guatemala,3.483333333333333,0.0,125401425.0,85709007.0,68.34771375205665,39692418.0,68.34771375205665,77.389725445871,50.0,68.34771375205665,66.9386739250989,Highly Effective,True
GTM,2025.0,Guatemala,3.333333333333333,-0.2000000000000001,100563396.0,37612391.0,37.40167147895443,62951005.0,37.40167147895443,47.856253794750245,60.00000000000001,37.401671478954434,44.5349827621125,Needs Improvement,False
HND,2020.0,Honduras,3.2,0.0,0.0,45783870.0,0.0,-45783870.0,0.0,0.0,50.0,100.0,30.0,Needs Improvement,False
HND,2021.0,Honduras,3.3666666666666667,0.5999999999999996,156228227.0,141734436.0,90.72268099157267,14493791.0,90.72268099157267,0.0,20.000000000000018,90.72268099157267,53.89747454536497,Moderately Effective,True
HND,2022.0,Honduras,3.483333333333333,-0.5,155296363.0,137424848.0,88.49199385306919,17871515.0,88.49199385306919,0.0,75.0,88.49199385306918,63.670596619188046,Highly Effective,True
HND,2023.0,Honduras,3.5,0.1,280360869.0,116415042.0,41.523284763395424,163945827.0,41.523284763395424,0.0,45.0,41.52328476339542,31.83780661986748,Needs Improvement,False
HND,2024.0,Honduras,3.4916666666666667,-0.2000000000000001,203159869.0,123954398.0,61.01322993075961,79205471.0,61.01322993075961,100.0,60.00000000000001,61.01322993075961,70.55727646191778,Highly Effective,True
HND,2025.0,Honduras,3.4,0.0,138491372.0,27263290.0,19.68591227473723,111228082.0,19.68591227473723,41.48043245713903,50.0,19.685912274737234,31.197359865390233,Needs Improvement,False
HTI,2020.0,Haiti,3.5,0.0,471993035.0,220039087.0,46.619138564195126,251953948.0,46.619138564195126,0.0,50.0,46.619138564195126,35.64052621030732,Needs Improvement,False
HTI,2021.0,Haiti,3.716666666666667,0.5999999999999996,422890167.0,231920416.0,54.841761312459184,190969751.0,54.841761312459184,0.0,20.000000000000018,54.84176131245918,34.16296872185255,Needs Improvement,False
HTI,2022.0,Haiti,4.15,0.1000000000000005,518765968.0,244494301.0,47.12998077776759,274271667.0,47.12998077776759,0.0,44.99999999999997,47.1299807777676,34.92148942777217,Needs Improvement,False
HTI,2023.0,Haiti,4.2,0.0,719857713.0,361112164.0,50.164380748949476,358745549.0,50.164380748949476,0.0,50.0,50.164380748949476,37.59040941192221,Needs Improvement,False
HTI,2024.0,Haiti,4.075,-0.2999999999999998,673767352.0,366206643.0,54.352090808935486,307560709.0,54.352090808935486,100.0,64.99999999999999,54.352090808935486,67.89364994491451,Highly Effective,True
HTI,2025.0,Haiti,4.4,0.1000000000000005,908159989.0,272295851.0,29.983246817538443,635864138.0,29.983246817538443,75.07944291121215,44.99999999999997,29.983246817538443,44.26064647744917,Needs Improvement,False
HUN,2022.0,Hungary,1.9090909090909087,0.3,,,,,0.0,0.0,35.0,100.0,32.5,Needs Improvement,False
HUN,2023.0,Hungary,1.4636363636363638,-0.1999999999999999,,,,,0.0,0.0,59.99999999999999,100.0,45.0,Moderately Effective,True
HUN,2024.0,Hungary,1.5416666666666667,-0.1,,,,,0.0,0.0,55.0,100.0,42.5,Needs Improvement,False
HUN,2025.0,Hungary,1.5,0.0,,,,,0.0,0.0,50.0,100.0,40.0,Needs Improvement,False
IDN,2020.0,Indonesia,,,0.0,44862039.0,0.0,-44862039.0,0.0,0.0,50.0,100.0,30.0,Needs Improvement,False
IDN,2021.0,Indonesia,2.12,0.1,0.0,40082182.0,0.0,-40082182.0,0.0,0.0,45.0,100.0,29.0,Critical - Underfunded,False
IDN,2022.0,Indonesia,2.441666666666667,0.1999999999999997,0.0,35646270.0,0.0,-35646270.0,0.0,0.0,40.000000000000014,100.0,28.000000000000004,Critical - Underfunded,False
IDN,2023.0,Indonesia,2.518181818181818,0.0,0.0,15454932.0,0.0,-15454932.0,0.0,0.0,50.0,100.0,30.0,Needs Improvement,False
IDN,2024.0,Indonesia,2.5,0.0,0.0,44091461.0,0.0,-44091461.0,0.0,0.0,50.0,100.0,30.0,Needs Improvement,False
IDN,2025.0,Indonesia,2.5090909090909093,0.1,0.0,10368442.0,0.0,-10368442.0,0.0,0.0,45.0,100.0,29.0,Critical - Underfunded,False
IND,2020.0,India,2.675,0.2999999999999998,,,,,0.0,0.0,35.00000000000001,100.0,32.5,Needs Improvement,False
IND,2021.0,India,,,,,,,0.0,0.0,50.0,100.0,40.0,Needs Improvement,False
IND,2022.0,India,,,,,,,0.0,0.0,50.0,100.0,40.0,Needs Improvement,False
IND,2023.0,India,,,,,,,0.0,0.0,50.0,100.0,40.0,Needs Improvement,False
IND,2024.0,India,2.2,0.0,,,,,0.0,0.0,50.0,100.0,40.0,Needs Improvement,False
IND,2025.0,India,2.4444444444444446,0.5,,,,,0.0,0.0,25.0,100.0,27.5,Critical - Underfunded,False
IRN,2020.0,Iran,3.4,0.0,117284681.0,102316104.0,87.23739803666261,14968577.0,87.23739803666261,0.0,50.0,87.23739803666261,57.98056892016443,Moderately Effective,True
IRN,2021.0,Iran,3.408333333333333,0.1,0.0,111748837.0,0.0,-111748837.0,0.0,0.0,45.0,100.0,29.0,Critical - Underfunded,False
IRN,2022.0,Iran,3.5583333333333336,0.1,258735082.0,32391702.0,12.519253960311419,226343380.0,12.519253960311419,0.0,45.0,12.519253960311417,15.88558967817128,Critical - Underfunded,False
IRN,2023.0,Iran,3.6454545454545455,0.1999999999999997,198981998.0,51463688.0,25.863489419781583,147518310.0,25.863489419781583,0.0,40.000000000000014,25.863489419781587,22.224919180879873,Critical - Underfunded,False
IRN,2024.0,Iran,3.75,-0.0999999999999996,252099523.0,27173870.0,10.779024758408607,224925653.0,10.779024758408607,0.0,54.99999999999998,10.77902475840861,16.92846361712473,Critical - Underfunded,False
IRN,2025.0,Iran,3.825,0.1999999999999997,263236972.0,24177762.0,9.184789589511006,239059210.0,9.184789589511006,0.0,40.000000000000014,9.184789589510999,13.051634274231056,Critical - Underfunded,False
IRQ,2020.0,Iraq,3.95,0.1,955830711.0,943094499.0,98.6675242955235,12736212.0,98.6675242955235,0.0,45.0,98.66752429552349,63.26713836253792,Highly Effective,True
IRQ,2021.0,Iraq,4.2,0.3999999999999999,832908296.0,691212176.0,82.98778861004405,141696120.0,82.98778861004405,0.0,30.000000000000004,82.98778861004405,51.643283735524236,Moderately Effective,True
IRQ,2022.0,Iraq,3.908333333333333,-0.1,651130765.0,540964393.0,83.08076074396516,110166372.0,83.08076074396516,0.0,55.0,83.08076074396516,56.69441840918084,Moderately Effective,True
IRQ,2023.0,Iraq,3.863636363636364,-0.1,211313017.0,274595701.0,129.9473666593857,-63282684.0,100.0,0.0,55.0,100.0,66.0,Highly Effective,True
IRQ,2024.0,Iraq,3.266666666666667,-0.7999999999999998,154504589.0,229190819.0,148.33916615900645,-74686230.0,100.0,0.0,90.0,100.0,73.0,Highly Effective,True
IRQ,2025.0,Iraq,3.233333333333333,0.3999999999999999,0.0,91422030.0,0.0,-91422030.0,0.0,0.0,30.000000000000004,100.0,26.0,Critical - Underfunded,False
ITA,2020.0,Italy,,,,,,,0.0,0.0,50.0,100.0,40.0,Needs Improvement,False
ITA,2021.0,Italy,1.9,0.0,,,,,0.0,0.0,50.0,100.0,40.0,Needs Improvement,False
ITA,2022.0,Italy,1.9166666666666667,0.1,,,,,0.0,0.0,45.0,100.0,37.5,Needs Improvement,False
ITA,2023.0,Italy,2.145454545454545,0.1,,,,,0.0,0.0,45.0,100.0,37.5,Needs Improvement,False
ITA,2024.0,Italy,2.15,-0.3000000000000002,,,,,0.0,0.0,65.00000000000001,100.0,47.50000000000001,Moderately Effective,True
ITA,2025.0,Italy,1.7333333333333334,0.1,,,,,0.0,0.0,45.0,100.0,37.5,Needs Improvement,False
JAM,2025.0,Jamaica,2.433333333333333,0.0,,,,,0.0,0.0,50.0,100.0,40.0,Needs Improvement,False
JOR,2020.0,Jordan,2.7,0.1999999999999997,1528267727.0,790032303.0,51.69462712864053,738235424.0,51.69462712864053,0.0,40.000000000000014,51.69462712864053,36.4320449207523,Needs Improvement,False
JOR,2021.0,Jordan,3.0083333333333333,-0.5,1600000000.0,582829393.0,36.4268370625,1017170607.0,36.4268370625,0.0,75.0,36.42683706249999,35.034760384375,Needs Improvement,False
JOR,2022.0,Jordan,2.7000000000000006,0.0,1300000000.0,606227991.0,46.632922384615384,693772009.0,46.632922384615384,0.0,50.0,46.632922384615384,35.64810731153846,Needs Improvement,False
JOR,2023.0,Jordan,2.8363636363636364,0.1999999999999997,968707455.0,364924947.0,37.671326375825195,603782508.0,37.671326375825195,0.0,40.000000000000014,37.671326375825195,28.71922950670386,Critical - Underfunded,False
JOR,2024.0,Jordan,2.8166666666666664,-0.3000000000000002,985148139.0,471244650.0,47.834902320208315,513903489.0,47.834902320208315,0.0,65.00000000000001,47.834902320208315,39.30919627611458,Needs Improvement,False
JOR,2025.0,Jordan,2.9166666666666665,0.2000000000000001,911250694.0,189951339.0,20.845124206840936,721299355.0,20.845124206840936,0.0,39.99999999999999,20.845124206840936,19.464818313762514,Critical - Underfunded,False
KEN,2020.0,Kenya,2.95,0.1,254870684.0,186534863.0,73.18804190128041,68335821.0,73.18804190128041,0.0,45.0,73.18804190128041,49.253423045704224,Moderately Effective,True
KEN,2021.0,Kenya,2.95,0.2999999999999998,180220129.0,202218041.0,112.20613486521253,-21997912.0,100.0,0.0,35.00000000000001,100.0,62.0,Highly Effective,True
KEN,2022.0,Kenya,3.5416666666666665,0.5,404853637.0,482482420.0,119.17453022658655,-77628783.0,100.0,0.0,25.0,100.0,60.0,Highly Effective,True
KEN,2023.0,Kenya,3.6454545454545455,-0.2999999999999998,559039811.0,447585695.0,80.0632953491035,111454116.0,80.0632953491035,0.0,64.99999999999999,80.0632953491035,57.03481244200692,Moderately Effective,True
KEN,2024.0,Kenya,3.5083333333333333,0.0,140683857.0,390854263.0,277.82452893653607,-250170406.0,100.0,0.0,50.0,100.0,65.0,Highly Effective,True
KEN,2025.0,Kenya,3.458333333333333,-0.1,180960873.0,178585240.0,98.6872117930156,2375633.0,98.6872117930156,0.0,55.0,98.6872117930156,65.27796648615858,Highly Effective,True
LAO,2023.0,Laos,1.5,0.0,0.0,5692894.0,0.0,-5692894.0,0.0,0.0,50.0,100.0,30.0,Needs Improvement,False
LAO,2024.0,Laos,1.925,0.6000000000000001,0.0,5995728.0,0.0,-5995728.0,0.0,0.0,19.999999999999996,100.0,24.0,Critical - Underfunded,False
LAO,2025.0,Laos,2.1,0.0,0.0,9480944.0,0.0,-9480944.0,0.0,0.0,50.0,100.0,30.0,Needs Improvement,False
LBN,2020.0,Lebanon,3.5,0.0,2989462415.0,1678009589.0,56.13081404136001,1311452826.0,56.13081404136001,0.0,50.0,56.13081404136001,40.871947722748004,Needs Improvement,False
LBN,2021.0,Lebanon,3.633333333333333,0.1,2917976724.0,1086007210.0,37.21781606644509,1831969514.0,37.21781606644509,0.0,45.0,37.21781606644509,29.469798836544797,Critical - Underfunded,False
LBN,2022.0,Lebanon,3.5500000000000003,-0.2000000000000001,3574175866.0,1342243224.0,37.55392219975334,2231932642.0,37.55392219975334,0.0,60.00000000000001,37.55392219975333,32.65465720986434,Needs Improvement,False
LBN,2023.0,Lebanon,3.5,0.1,3795494231.0,820942055.0,21.629384871537695,2974552176.0,21.629384871537695,0.0,45.0,21.629384871537695,20.896161679345735,Critical - Underfunded,False
LBN,2024.0,Lebanon,3.641666666666667,0.1,3146399036.0,1344622868.0,42.7352936679453,1801776168.0,42.7352936679453,0.0,45.0,42.73529366794531,32.50441151736992,Needs Improvement,False
LBN,2025.0,Lebanon,3.925,-0.4000000000000003,3363656991.0,632638637.0,18.808060354926955,2731018354.0,18.808060354926955,0.0,70.00000000000001,18.808060354926965,24.34443319520983,Critical - Underfunded,False
LBY,2020.0,Libya,4.15,0.1000000000000005,129846005.0,219594243.0,169.11898290594308,-89748238.0,100.0,0.0,44.99999999999997,100.0,63.99999999999999,Highly Effective,True
LBY,2021.0,Libya,3.983333333333333,-0.3000000000000002,189122124.0,201875030.0,106.74321212678429,-12752906.0,100.0,0.0,65.00000000000001,100.0,68.0,Highly Effective,True
LBY,2022.0,Libya,3.616666666666666,-0.1999999999999997,113799273.0,157050758.0,138.0068201314432,-43251485.0,100.0,0.0,59.999999999999986,100.0,67.0,Highly Effective,True
LBY,2023.0,Libya,3.718181818181818,0.0,37731860.0,129092870.0,342.1322723025051,-91361010.0,100.0,0.0,50.0,100.0,65.0,Highly Effective,True
LBY,2024.0,Libya,3.9333333333333336,0.1,82277840.0,87090099.0,105.84879112042805,-4812259.0,100.0,0.0,45.0,100.0,64.0,Highly Effective,True
LBY,2025.0,Libya,3.333333333333333,-0.1,106632000.0,30259038.0,28.377070672968713,76372962.0,28.377070672968713,0.0,55.0,28.377070672968713,26.607388870132795,Critical - Underfunded,False
LKA,2022.0,Sri Lanka,3.4,0.0,149692653.0,182394166.0,121.84577021291754,-32701513.0,100.0,0.0,50.0,100.0,65.0,Highly Effective,True
LKA,2023.0,Sri Lanka,3.372727272727273,-0.1,0.0,62900843.0,0.0,-62900843.0,0.0,0.0,55.0,100.0,31.0,Needs Improvement,False
LKA,2024.0,Sri Lanka,2.275,-1.9,0.0,19426444.0,0.0,-19426444.0,0.0,0.0,100.0,100.0,40.0,Needs Improvement,False
LKA,2025.0,Sri Lanka,2.05,0.7,0.0,17487278.0,0.0,-17487278.0,0.0,0.0,15.0,100.0,23.0,Critical - Underfunded,False
LSO,2020.0,Lesotho,2.4,0.3999999999999999,33745000.0,15637448.0,46.34004445102978,18107552.0,46.34004445102978,0.0,30.000000000000004,46.34004445102978,31.48702444806638,Needs Improvement,False
LSO,2021.0,Lesotho,2.3666666666666667,-0.2999999999999998,0.0,8007571.0,0.0,-8007571.0,0.0,0.0,64.99999999999999,100.0,33.0,Needs Improvement,False
LSO,2022.0,Lesotho,2.141666666666667,0.0,0.0,13038838.0,0.0,-13038838.0,0.0,0.0,50.0,100.0,30.0,Needs Improvement,False
LSO,2023.0,Lesotho,2.2,0.0,0.0,6020336.0,0.0,-6020336.0,0.0,0.0,50.0,100.0,30.0,Needs Improvement,False
LSO,2024.0,Lesotho,2.16,0.1,0.0,7224247.0,0.0,-7224247.0,0.0,0.0,45.0,100.0,29.0,Critical - Underfunded,False
LSO,2025.0,Lesotho,2.1666666666666665,0.0,0.0,4679877.0,0.0,-4679877.0,0.0,0.0,50.0,100.0,30.0,Needs Improvement,False
LTU,2023.0,Lithuania,1.3,0.0,,,,,0.0,0.0,50.0,100.0,40.0,Needs Improvement,False
LTU,2024.0,Lithuania,1.3,0.0,,,,,0.0,0.0,50.0,100.0,40.0,Needs Improvement,False
LTU,2025.0,Lithuania,1.3,0.0,,,,,0.0,0.0,50.0,100.0,40.0,Needs Improvement,False
LVA,2023.0,Latvia,1.25,0.1,,,,,0.0,0.0,45.0,100.0,37.5,Needs Improvement,False
LVA,2024.0,Latvia,1.3,0.0,,,,,0.0,0.0,50.0,100.0,40.0,Needs Improvement,False
LVA,2025.0,Latvia,1.3,0.0,,,,,0.0,0.0,50.0,100.0,40.0,Needs Improvement,False
MAR,2020.0,Morocco,,,,,,,0.0,0.0,50.0,100.0,40.0,Needs Improvement,False
MAR,2021.0,Morocco,,,,,,,0.0,0.0,50.0,100.0,40.0,Needs Improvement,False
MAR,2022.0,Morocco,2.1333333333333333,0.1,,,,,0.0,0.0,45.0,100.0,37.5,Needs Improvement,False
MAR,2023.0,Morocco,2.472727272727273,0.7999999999999998,,,,,0.0,0.0,10.000000000000007,100.0,20.000000000000004,Critical - Underfunded,False
MAR,2024.0,Morocco,2.6333333333333333,-1.6,,,,,0.0,0.0,100.0,100.0,65.0,Highly Effective,True
MAR,2025.0,Morocco,1.5833333333333333,-0.1,,,,,0.0,0.0,55.0,100.0,42.5,Needs Improvement,False
MDA,2022.0,Moldova,1.89,0.5,0.0,225956813.0,0.0,-225956813.0,0.0,0.0,25.0,100.0,25.0,Critical - Underfunded,False
MDA,2023.0,Moldova,1.818181818181818,-0.2999999999999998,426961900.0,162466187.0,38.0516825974402,264495713.0,38.0516825974402,0.0,64.99999999999999,38.0516825974402,33.92842542859211,Needs Improvement,False
MDA,2024.0,Moldova,1.6000000000000003,0.0,303055881.0,154432760.0,50.95850952979857,148623121.0,50.95850952979857,0.0,50.0,50.95850952979857,38.02718024138922,Needs Improvement,False
MDA,2025.0,Moldova,1.95,0.0,205507394.0,61357655.0,29.856665400564612,144149739.0,29.856665400564612,0.0,50.0,29.856665400564623,26.421165970310536,Critical - Underfunded,False
MDG,2020.0,Madagascar,2.55,-0.1,0.0,59866752.0,0.0,-59866752.0,0.0,0.0,55.0,100.0,31.0,Needs Improvement,False
MDG,2021.0,Madagascar,2.908333333333333,-0.2000000000000001,166188813.0,153766373.0,92.52510456284443,12422440.0,92.52510456284443,0.0,60.00000000000001,92.52510456284443,62.88880750956444,Highly Effective,True
MDG,2022.0,Madagascar,2.858333333333333,0.1999999999999997,219267779.0,211644674.0,96.52338112112679,7623105.0,96.52338112112679,0.0,40.000000000000014,96.52338112112679,61.08785961661974,Highly Effective,True
MDG,2023.0,Madagascar,2.9,0.0,215168817.0,189039460.0,87.85634583843996,26129357.0,87.85634583843996,0.0,50.0,87.85634583843996,58.32099021114198,Moderately Effective,True
MDG,2024.0,Madagascar,2.93,0.1,90059893.0,134628001.0,149.4871873765162,-44568108.0,100.0,0.0,45.0,100.0,64.0,Highly Effective,True
MDG,2025.0,Madagascar,2.68,0.1,0.0,45811482.0,0.0,-45811482.0,0.0,0.0,45.0,100.0,29.0,Critical - Underfunded,False
MEX,2020.0,Mexico,,,59659922.0,10469154.0,17.548051772511535,49190768.0,17.548051772511535,0.0,50.0,17.548051772511542,19.651428474881342,Critical - Underfunded,False
MEX,2021.0,Mexico,,,5702718.0,83635949.0,1466.598015192054,-77933231.0,100.0,0.0,50.0,100.0,65.0,Highly Effective,True
MEX,2022.0,Mexico,2.8,0.0,6154654.0,101985807.0,1657.0518342704559,-95831153.0,100.0,0.0,50.0,100.0,65.0,Highly Effective,True
MEX,2023.0,Mexico,2.8181818181818183,0.2000000000000001,16364449.0,93686894.0,572.5025877742661,-77322445.0,100.0,0.0,39.99999999999999,100.0,63.0,Highly Effective,True
MEX,2024.0,Mexico,2.9250000000000003,-0.2000000000000001,22200969.0,101478983.0,457.0925845624125,-79278014.0,100.0,0.0,60.00000000000001,100.0,67.0,Highly Effective,True
MEX,2025.0,Mexico,2.8000000000000003,-0.3000000000000002,23304526.0,19264547.0,82.6644017561224,4039979.0,82.6644017561224,0.0,65.00000000000001,82.6644017561224,58.465420965867324,Moderately Effective,True
MLI,2020.0,Mali,3.8,0.0,474292180.0,324198370.0,68.35414617209165,150093810.0,68.35414617209165,0.0,50.0,68.35414617209165,47.59478039465041,Moderately Effective,True
MLI,2021.0,Mali,4.2,0.6000000000000005,563286869.0,353437979.0,62.74564497259744,209848890.0,62.74564497259744,0.0,19.99999999999997,62.74564497259744,38.51010473492859,Needs Improvement,False
MLI,2022.0,Mali,4.241666666666666,-0.2000000000000001,685734819.0,404276171.0,58.95517622826149,281458648.0,58.95517622826149,0.0,60.00000000000001,58.95517622826149,44.42534692554382,Needs Improvement,False
MLI,2023.0,Mali,4.3,0.0,751470941.0,284415085.0,37.847782193882594,467055856.0,37.847782193882594,0.0,50.0,37.847782193882594,30.816280206635426,Needs Improvement,False
MLI,2024.0,Mali,4.291666666666667,-0.0999999999999996,701569941.0,347088323.0,49.47308924114809,354481618.0,49.47308924114809,100.0,54.99999999999998,49.473089241148095,63.210199082631455,Highly Effective,True
MLI,2025.0,Mali,4.275,0.0,771314315.0,206207665.0,26.734582904765613,565106650.0,26.734582904765613,81.74539588555417,50.0,26.734582904765617,45.140369569009636,Moderately Effective,True
MMR,2020.0,Myanmar,3.5,0.0,275300000.0,295799250.0,107.4461496549219,-20499250.0,100.0,0.0,50.0,100.0,65.0,Highly Effective,True
MMR,2021.0,Myanmar,3.8333333333333335,0.5,385617765.0,333849437.0,86.57522222815642,51768328.0,86.57522222815642,0.0,25.0,86.57522222815642,52.61637222548603,Moderately Effective,True
MMR,2022.0,Myanmar,4.383333333333334,0.0,825698032.0,424818569.0,51.44962837939766,400879463.0,51.44962837939766,0.0,50.0,51.449628379397666,38.29729560866871,Needs Improvement,False
MMR,2023.0,Myanmar,4.563636363636364,0.0999999999999996,886738899.0,461844096.0,52.08343702084507,424894803.0,52.08343702084507,0.0,45.00000000000002,52.083437020845075,37.645890361464794,Needs Improvement,False
MMR,2024.0,Myanmar,4.6,0.0,993548103.0,457855704.0,46.08289247571539,535692399.0,46.08289247571539,21.732914730409615,50.0,46.08289247571539,40.77881954424587,Needs Improvement,False
MMR,2025.0,Myanmar,4.6,0.0,1412961603.0,505977118.0,35.80968633016703,906984485.0,35.80968633016703,24.30889026710432,50.0,35.80968633016704,35.77255004836795,Needs Improvement,False
MNG,2023.0,Mongolia,2.35,-0.3999999999999999,5154000.0,3464576.0,67.22110981761739,1689424.0,67.22110981761739,0.0,70.0,67.22110981761739,50.97161039968957,Moderately Effective,True
MNG,2024.0,Mongolia,2.233333333333333,0.3999999999999999,13658011.0,9910265.0,72.5600894595853,3747746.0,72.5600894595853,0.0,30.000000000000004,72.5600894595853,45.90804920277191,Moderately Effective,True
MOZ,2020.0,Mozambique,3.25,0.0999999999999996,103559000.0,221022515.0,213.426660164737,-117463515.0,100.0,0.0,45.00000000000002,100.0,64.0,Highly Effective,True
MOZ,2021.0,Mozambique,3.5500000000000003,-0.1,254080356.0,313852422.0,123.52486707000678,-59772066.0,100.0,0.0,55.0,100.0,66.0,Highly Effective,True
MOZ,2022.0,Mozambique,3.6,0.0,436573657.0,327140324.0,74.93359224832936,109433333.0,74.93359224832936,0.0,50.0,74.93359224832935,51.213475736581145,Moderately Effective,True
MOZ,2023.0,Mozambique,3.5181818181818185,0.0,650921855.0,308136551.0,47.33848596925663,342785304.0,47.33848596925663,0.0,50.0,47.338485969256624,36.036167283091146,Needs Improvement,False
MOZ,2024.0,Mozambique,3.75,0.1999999999999997,502445224.0,246339570.0,49.028144409230165,256105654.0,49.028144409230165,100.0,40.000000000000014,49.028144409230165,59.965479425076595,Moderately Effective,True
MOZ,2025.0,Mozambique,3.658333333333333,-0.1999999999999997,682722983.0,212720455.0,31.15765256140498,470002528.0,31.15765256140498,100.0,59.999999999999986,31.157652561404987,54.13670890877274,Moderately Effective,True
MRT,2020.0,Mauritania,2.85,-0.1,0.0,78952780.0,0.0,-78952780.0,0.0,0.0,55.0,100.0,31.0,Needs Improvement,False
MRT,2021.0,Mauritania,2.85,0.1,0.0,127317413.0,0.0,-127317413.0,0.0,0.0,45.0,100.0,29.0,Critical - Underfunded,False
MRT,2022.0,Mauritania,2.775,-0.1999999999999997,0.0,71826107.0,0.0,-71826107.0,0.0,0.0,59.999999999999986,100.0,32.0,Needs Improvement,False
MRT,2023.0,Mauritania,2.645454545454545,-0.1,0.0,48475968.0,0.0,-48475968.0,0.0,0.0,55.0,100.0,31.0,Needs Improvement,False
MRT,2024.0,Mauritania,2.583333333333333,0.0,0.0,53304425.0,0.0,-53304425.0,0.0,0.0,50.0,100.0,30.0,Needs Improvement,False
MRT,2025.0,Mauritania,2.7333333333333334,0.2999999999999998,0.0,31892670.0,0.0,-31892670.0,0.0,0.0,35.00000000000001,100.0,27.0,Critical - Underfunded,False
MWI,2020.0,Malawi,2.725,0.1999999999999997,0.0,37346183.0,0.0,-37346183.0,0.0,0.0,40.000000000000014,100.0,28.000000000000004,Critical - Underfunded,False
MWI,2021.0,Malawi,2.8666666666666667,0.2000000000000001,0.0,13421938.0,0.0,-13421938.0,0.0,0.0,39.99999999999999,100.0,28.0,Critical - Underfunded,False
MWI,2022.0,Malawi,2.9250000000000003,0.2000000000000001,29450000.0,48877055.0,165.96623089983024,-19427055.0,100.0,0.0,39.99999999999999,100.0,63.0,Highly Effective,True
MWI,2023.0,Malawi,3.3545454545454545,0.1,115945732.0,74578975.0,64.32231157935162,41366757.0,64.32231157935162,0.0,45.0,64.32231157935162,44.37727136864339,Needs Improvement,False
MWI,2024.0,Malawi,3.466666666666667,0.0,79032838.0,58987934.0,74.63724635574899,20044904.0,74.63724635574899,0.0,50.0,74.63724635574899,51.050485495661945,Moderately Effective,True
MWI,2025.0,Malawi,3.375,-0.1999999999999997,57478430.0,50489190.0,87.84023850338292,6989240.0,87.84023850338292,0.0,59.999999999999986,87.84023850338292,60.3121311768606,Highly Effective,True
MYS,2021.0,Malaysia,1.72,0.0999999999999998,,,,,0.0,0.0,45.00000000000001,100.0,37.5,Needs Improvement,False
MYS,2022.0,Malaysia,2.1333333333333333,0.5999999999999999,,,,,0.0,0.0,20.000000000000007,100.0,25.000000000000004,Critical - Underfunded,False
MYS,2023.0,Malaysia,2.3181818181818183,0.0,,,,,0.0,0.0,50.0,100.0,40.0,Needs Improvement,False
MYS,2024.0,Malaysia,2.1583333333333337,-0.4999999999999998,,,,,0.0,0.0,74.99999999999999,100.0,52.49999999999999,Moderately Effective,True
MYS,2025.0,Malaysia,1.7,-0.4000000000000001,,,,,0.0,0.0,70.0,100.0,50.0,Moderately Effective,True
NAM,2020.0,Namibia,2.05,0.1,0.0,7494442.0,0.0,-7494442.0,0.0,0.0,45.0,100.0,29.0,Critical - Underfunded,False
NAM,2021.0,Namibia,2.208333333333333,0.2999999999999998,0.0,1955424.0,0.0,-1955424.0,0.0,0.0,35.00000000000001,100.0,27.0,Critical - Underfunded,False
NAM,2022.0,Namibia,2.458333333333333,0.1,0.0,3796424.0,0.0,-3796424.0,0.0,0.0,45.0,100.0,29.0,Critical - Underfunded,False
NAM,2023.0,Namibia,2.390909090909091,0.0,0.0,1000000.0,0.0,-1000000.0,0.0,0.0,50.0,100.0,30.0,Needs Improvement,False
NAM,2024.0,Namibia,2.5500000000000003,0.1,0.0,10545024.0,0.0,-10545024.0,0.0,0.0,45.0,100.0,29.0,Critical - Underfunded,False
NAM,2025.0,Namibia,2.566666666666667,0.0,0.0,5308153.0,0.0,-5308153.0,0.0,0.0,50.0,100.0,30.0,Needs Improvement,False
NER,2020.0,Niger,3.725,0.0,516074957.0,483626135.0,93.71238197865122,32448822.0,93.71238197865122,0.0,50.0,93.71238197865121,61.54181008825817,Highly Effective,True
NER,2021.0,Niger,3.8,0.1999999999999997,523182880.0,457271077.0,87.40176608989958,65911803.0,87.40176608989958,0.0,40.000000000000014,87.40176608989958,56.07097134944477,Moderately Effective,True
NER,2022.0,Niger,3.6833333333333336,-0.1999999999999997,552598446.0,523609806.0,94.75412205556583,28988640.0,94.75412205556583,0.0,59.999999999999986,94.75412205556583,64.1147671305612,Highly Effective,True
NER,2023.0,Niger,3.8,-0.1999999999999997,583906619.0,364881442.0,62.4896910099935,219025177.0,62.4896910099935,0.0,59.999999999999986,62.4896910099935,46.36933005549642,Moderately Effective,True
NER,2024.0,Niger,3.658333333333333,-0.0999999999999996,662192757.0,445969813.0,67.34743143679538,216222944.0,67.34743143679538,100.0,54.99999999999998,67.34743143679538,73.04108729023746,Highly Effective,True
NER,2025.0,Niger,3.633333333333333,-0.1,603027582.0,206136418.0,34.18358034574943,396891164.0,34.18358034574943,100.0,55.0,34.18358034574942,54.800969190162185,Moderately Effective,True
NGA,2020.0,Nigeria,4.1,-0.2000000000000001,1080446613.0,806708640.0,74.66436844668048,273737973.0,74.66436844668048,0.0,60.00000000000001,74.66436844668048,53.06540264567427,Moderately Effective,True
NGA,2021.0,Nigeria,4.183333333333333,0.2999999999999998,1006358629.0,829191324.0,82.39521181668131,177167305.0,82.39521181668131,0.0,35.00000000000001,82.39521181668131,52.31736649917472,Moderately Effective,True
NGA,2022.0,Nigeria,4.108333333333333,-0.2000000000000001,1127211641.0,862904840.0,76.55215831824434,264306801.0,76.55215831824434,0.0,60.00000000000001,76.55215831824434,54.10368707503439,Moderately Effective,True
NGA,2023.0,Nigeria,4.1000000000000005,-0.1999999999999997,1311953516.0,642098993.0,48.942206043830595,669854523.0,48.942206043830595,0.0,59.999999999999986,48.942206043830595,38.91821332410683,Needs Improvement,False
NGA,2024.0,Nigeria,3.983333333333333,0.1,926542686.0,618297514.0,66.73168148024213,308245172.0,66.73168148024213,100.0,45.0,66.73168148024213,70.70242481413317,Highly Effective,True
NGA,2025.0,Nigeria,4.1,0.0999999999999996,910246471.0,318482901.0,34.988644410794976,591763570.0,34.988644410794976,78.37542071744184,45.00000000000002,34.988644410794976,47.8376096052977,Moderately Effective,True
NIC,2020.0,Nicaragua,,,0.0,19133739.0,0.0,-19133739.0,0.0,0.0,50.0,100.0,30.0,Needs Improvement,False
NIC,2021.0,Nicaragua,,,0.0,33154945.0,0.0,-33154945.0,0.0,0.0,50.0,100.0,30.0,Needs Improvement,False
NIC,2022.0,Nicaragua,1.925,0.0,0.0,9672746.0,0.0,-9672746.0,0.0,0.0,50.0,100.0,30.0,Needs Improvement,False
NIC,2023.0,Nicaragua,1.85,-0.1999999999999999,0.0,15864208.0,0.0,-15864208.0,0.0,0.0,59.99999999999999,100.0,32.0,Needs Improvement,False
NIC,2024.0,Nicaragua,1.7,0.0,0.0,11376949.0,0.0,-11376949.0,0.0,0.0,50.0,100.0,30.0,Needs Improvement,False
NIC,2025.0,Nicaragua,2.5,0.0,0.0,918603.0,0.0,-918603.0,0.0,0.0,50.0,100.0,30.0,Needs Improvement,False
NPL,2024.0,Nepal,2.363636363636364,0.1,17530000.0,50902109.0,290.3714147176269,-33372109.0,100.0,0.0,45.0,100.0,64.0,Highly Effective,True
PAK,2020.0,Pakistan,3.4,0.0,145788878.0,159517337.0,109.41667100284565,-13728459.0,100.0,0.0,50.0,100.0,65.0,Highly Effective,True
PAK,2021.0,Pakistan,3.7,0.3000000000000002,332043165.0,396057505.0,119.27892116074727,-64014340.0,100.0,0.0,34.999999999999986,100.0,62.0,Highly Effective,True
PAK,2022.0,Pakistan,3.741666666666666,0.0999999999999996,782750627.0,568106108.0,72.57817348257454,214644519.0,72.57817348257454,0.0,45.00000000000002,72.57817348257456,48.917995415416,Moderately Effective,True
PAK,2023.0,Pakistan,3.863636363636364,0.1,727772336.0,404451183.0,55.57386053212113,323321153.0,55.57386053212113,0.0,45.0,55.57386053212113,39.56562329266662,Needs Improvement,False
PAK,2024.0,Pakistan,3.9416666666666655,0.0,368285111.0,404246090.0,109.76444008348739,-35960979.0,100.0,0.0,50.0,100.0,65.0,Highly Effective,True
PAK,2025.0,Pakistan,3.9166666666666665,0.0,444460472.0,176105701.0,39.62235386367497,268354771.0,39.62235386367497,0.0,50.0,39.62235386367497,31.792294625021228,Needs Improvement,False
PAN,2022.0,Panama,2.190909090909091,0.2999999999999998,8516870.0,33584319.0,394.32701215352586,-25067449.0,100.0,0.0,35.00000000000001,100.0,62.0,Highly Effective,True
PAN,2023.0,Panama,2.190909090909091,-0.2999999999999998,21344386.0,30120545.0,141.11694288137406,-8776159.0,100.0,0.0,64.99999999999999,100.0,68.0,Highly Effective,True
PAN,2024.0,Panama,2.0166666666666666,-0.1999999999999999,21689521.0,20453437.0,94.3010083071913,1236084.0,94.3010083071913,0.0,59.99999999999999,94.3010083071913,63.86555456895521,Highly Effective,True
PAN,2025.0,Panama,2.4916666666666667,0.6000000000000001,18812451.0,3466490.0,18.42657291173808,15345961.0,18.42657291173808,0.0,19.999999999999996,18.426572911738077,14.134615101455942,Critical - Underfunded,False
PER,2020.0,Peru,2.6,0.0,59659922.0,95326174.0,159.78259911234883,-35666252.0,100.0,0.0,50.0,100.0,65.0,Highly Effective,True
PER,2021.0,Peru,2.8166666666666664,0.2999999999999998,274663651.0,115354273.0,41.998376042849586,159309378.0,41.998376042849586,0.0,35.00000000000001,41.998376042849586,30.099106823567272,Needs Improvement,False
PER,2022.0,Peru,3.075,0.2000000000000001,304046314.0,114807140.0,37.75975393012,189239174.0,37.75975393012,0.0,39.99999999999999,37.75975393012,28.767864661565998,Critical - Underfunded,False
PER,2023.0,Peru,3.036363636363636,-0.3000000000000002,318699031.0,111702789.0,35.049616765229516,206996242.0,35.049616765229516,0.0,65.00000000000001,35.0496167652295,32.277289220876234,Needs Improvement,False
PER,2024.0,Peru,2.958333333333333,-0.1,294456175.0,94878926.0,32.22174776942613,199577249.0,32.22174776942613,0.0,55.0,32.22174776942613,28.72196127318437,Critical - Underfunded,False
PER,2025.0,Peru,3.158333333333333,0.2000000000000001,284811689.0,30197503.0,10.602620667019043,254614186.0,10.602620667019043,0.0,39.99999999999999,10.602620667019053,13.831441366860474,Critical - Underfunded,False
PHL,2020.0,Philippines,2.7,0.6000000000000001,121767344.0,68628975.0,56.360739050036265,53138369.0,56.360739050036265,0.0,19.999999999999996,56.36073905003627,34.99840647751995,Needs Improvement,False
PHL,2021.0,Philippines,2.6916666666666664,0.3999999999999999,0.0,29485232.0,0.0,-29485232.0,0.0,0.0,30.000000000000004,100.0,26.0,Critical - Underfunded,False
PHL,2022.0,Philippines,3.15,-0.1999999999999997,168906963.0,103958454.0,61.54776105944194,64948509.0,61.54776105944194,0.0,59.999999999999986,61.54776105944194,45.851268582693066,Moderately Effective,True
PHL,2023.0,Philippines,2.5090909090909093,-0.5,0.0,27755607.0,0.0,-27755607.0,0.0,0.0,75.0,100.0,35.0,Needs Improvement,False
PHL,2024.0,Philippines,2.3083333333333336,0.6999999999999997,25342126.0,51143518.0,201.81226310689166,-25801392.0,100.0,0.0,15.000000000000014,100.0,58.0,Moderately Effective,True
PHL,2025.0,Philippines,2.435714285714286,0.2000000000000001,16880751.0,59058245.0,349.8555544122415,-42177494.0,100.0,0.0,39.99999999999999,100.0,63.0,Highly Effective,True
PNG,2022.0,Papua New Guinea,2.6500000000000004,0.0,,,,,0.0,0.0,50.0,100.0,40.0,Needs Improvement,False
PNG,2023.0,Papua New Guinea,2.527272727272728,-0.3000000000000002,,,,,0.0,0.0,65.00000000000001,100.0,47.50000000000001,Moderately Effective,True
PNG,2024.0,Papua New Guinea,2.033333333333333,0.0,,,,,0.0,0.0,50.0,100.0,40.0,Needs Improvement,False
PNG,2025.0,Papua New Guinea,1.8583333333333327,-0.4000000000000001,,,,,0.0,0.0,70.0,100.0,50.0,Moderately Effective,True
POL,2022.0,Poland,2.2545454545454544,1.3,,,,,0.0,0.0,0.0,100.0,15.0,Critical - Underfunded,False
POL,2023.0,Poland,2.381818181818182,-0.3999999999999999,,,,,0.0,0.0,70.0,100.0,50.0,Moderately Effective,True
POL,2024.0,Poland,2.1166666666666667,0.1,,,,,0.0,0.0,45.0,100.0,37.5,Needs Improvement,False
POL,2025.0,Poland,2.2,0.0,,,,,0.0,0.0,50.0,100.0,40.0,Needs Improvement,False
PRK,2020.0,DPRK,3.9,-0.3999999999999994,146692162.0,41887446.0,28.554658564511442,104804716.0,28.554658564511442,0.0,69.99999999999997,28.554658564511442,29.705062210481287,Critical - Underfunded,False
PRK,2021.0,DPRK,3.7916666666666665,0.1999999999999997,0.0,13789467.0,0.0,-13789467.0,0.0,0.0,40.000000000000014,100.0,28.000000000000004,Critical - Underfunded,False
PRK,2022.0,DPRK,3.775,-0.0999999999999996,0.0,2319641.0,0.0,-2319641.0,0.0,0.0,54.99999999999998,100.0,30.999999999999996,Needs Improvement,False
PRK,2023.0,DPRK,3.709090909090909,0.0,0.0,1495585.0,0.0,-1495585.0,0.0,0.0,50.0,100.0,30.0,Needs Improvement,False
PRK,2024.0,DPRK,3.7916666666666665,0.3999999999999994,0.0,2817559.0,0.0,-2817559.0,0.0,0.0,30.00000000000003,100.0,26.000000000000007,Critical - Underfunded,False
PRK,2025.0,DPRK,3.841666666666667,-0.2999999999999998,0.0,2383644.0,0.0,-2383644.0,0.0,0.0,64.99999999999999,100.0,33.0,Needs Improvement,False
PSE,2020.0,Palestine,3.9,0.0,420381684.0,672966183.0,160.0845632941515,-252584499.0,100.0,0.0,50.0,100.0,65.0,Highly Effective,True
PSE,2021.0,Palestine,4.091666666666667,0.0,512429398.0,970410927.0,189.37456180060926,-457981529.0,100.0,0.0,50.0,100.0,65.0,Highly Effective,True
PSE,2022.0,Palestine,3.7083333333333335,-0.3999999999999999,509872202.0,979557132.0,192.11816768155563,-469684930.0,100.0,0.0,70.0,100.0,69.0,Highly Effective,True
PSE,2023.0,Palestine,3.8,0.9000000000000004,1005827508.0,1855791768.0,184.50397838990102,-849964260.0,100.0,0.0,4.999999999999986,100.0,56.0,Moderately Effective,True
PSE,2024.0,Palestine,4.375,0.0,3422855934.0,3757396352.0,109.77372184078607,-334540418.0,100.0,0.0,50.0,100.0,65.0,Highly Effective,True
PSE,2025.0,Palestine,4.4,0.0,4073058682.0,3386576269.0,83.14577651351402,686482413.0,83.14577651351402,0.0,50.0,83.14577651351402,55.73017708243271,Moderately Effective,True
ROU,2022.0,Romania,1.7600000000000002,0.3999999999999999,,,,,0.0,0.0,30.000000000000004,100.0,30.0,Needs Improvement,False
ROU,2023.0,Romania,1.4909090909090907,0.3,,,,,0.0,0.0,35.0,100.0,32.5,Needs Improvement,False
ROU,2024.0,Romania,1.75,0.0999999999999998,,,,,0.0,0.0,45.00000000000001,100.0,37.5,Needs Improvement,False
ROU,2025.0,Romania,1.9,0.0,,,,,0.0,0.0,50.0,100.0,40.0,Needs Improvement,False
RUS,2023.0,Russia,2.9,-0.5,,,,,0.0,0.0,75.0,100.0,52.5,Moderately Effective,True
RUS,2024.0,Russia,2.783333333333333,0.0999999999999996,,,,,0.0,0.0,45.00000000000002,100.0,37.500000000000014,Needs Improvement,False
RUS,2025.0,Russia,2.75,-0.0999999999999996,,,,,0.0,0.0,54.99999999999998,100.0,42.499999999999986,Needs Improvement,False
RWA,2020.0,Rwanda,1.975,0.1,0.0,31960626.0,0.0,-31960626.0,0.0,0.0,45.0,100.0,29.0,Critical - Underfunded,False
RWA,2021.0,Rwanda,2.0500000000000003,0.3000000000000002,120438510.0,33037040.0,27.430628293226146,87401470.0,27.430628293226146,0.0,34.999999999999986,27.43062829322615,22.08684556127438,Critical - Underfunded,False
RWA,2022.0,Rwanda,2.3666666666666667,0.1999999999999997,75359724.0,51093245.0,67.7991402940913,24266479.0,67.7991402940913,0.0,40.000000000000014,67.7991402940913,45.289527161750215,Moderately Effective,True
RWA,2023.0,Rwanda,2.381818181818182,-0.1999999999999997,65526242.0,54968774.0,83.88818330219517,10557468.0,83.88818330219517,0.0,59.999999999999986,83.88818330219517,58.13850081620734,Moderately Effective,True
RWA,2024.0,Rwanda,2.3833333333333333,0.1999999999999997,78302432.0,92884845.0,118.62319295523287,-14582413.0,100.0,0.0,40.000000000000014,100.0,63.0,Highly Effective,True
RWA,2025.0,Rwanda,2.441666666666667,0.0,82800885.0,27275843.0,32.94148727999707,55525042.0,32.94148727999707,0.0,50.0,32.94148727999708,28.11781800399839,Critical - Underfunded,False
SDN,2020.0,Sudan,4.55,-0.0999999999999996,1633403129.0,999596660.0,61.197180429792105,633806469.0,61.197180429792105,0.0,54.99999999999998,61.19718042979211,44.65844923638566,Needs Improvement,False
SDN,2021.0,Sudan,4.4,0.0,1939814880.0,914603704.0,47.149019910600956,1025211176.0,47.149019910600956,0.0,50.0,47.149019910600956,35.93196095083053,Needs Improvement,False
SDN,2022.0,Sudan,4.4,0.0,1936697740.0,1198292012.0,61.872949363796955,738405728.0,61.872949363796955,0.0,50.0,61.872949363796955,44.030122150088324,Needs Improvement,False
SDN,2023.0,Sudan,4.609090909090909,0.5,2565230201.0,1500114001.0,58.47872835799347,1065116200.0,58.47872835799347,0.0,25.0,58.478728357993475,37.163300596896406,Needs Improvement,False
SDN,2024.0,Sudan,4.9,0.0,2695680744.0,2059813993.0,76.41164472405342,635866751.0,76.41164472405342,97.03958906101153,50.0,76.41164472405342,76.28630186348227,Highly Effective,True
SDN,2025.0,Sudan,4.675,0.0,4162518656.0,1700041852.0,40.84166324514847,2462476804.0,40.84166324514847,60.31768322559341,50.0,40.84166324514846,47.54233559123001,Moderately Effective,True
SEN,2020.0,Senegal,2.4,0.0,0.0,24538578.0,0.0,-24538578.0,0.0,0.0,50.0,100.0,30.0,Needs Improvement,False
SEN,2021.0,Senegal,2.4,0.0,0.0,11625144.0,0.0,-11625144.0,0.0,0.0,50.0,100.0,30.0,Needs Improvement,False
SEN,2022.0,Senegal,2.3916666666666666,0.0,0.0,15411566.0,0.0,-15411566.0,0.0,0.0,50.0,100.0,30.0,Needs Improvement,False
SEN,2023.0,Senegal,2.5454545454545454,0.3000000000000002,0.0,13145061.0,0.0,-13145061.0,0.0,0.0,34.999999999999986,100.0,26.999999999999996,Critical - Underfunded,False
SEN,2024.0,Senegal,2.208333333333333,0.1999999999999997,0.0,8499100.0,0.0,-8499100.0,0.0,0.0,40.000000000000014,100.0,28.000000000000004,Critical - Underfunded,False
SEN,2025.0,Senegal,2.825,0.6000000000000001,0.0,6044958.0,0.0,-6044958.0,0.0,0.0,19.999999999999996,100.0,24.0,Critical - Underfunded,False
SLV,2020.0,El Salvador,3.0,0.0,0.0,20026228.0,0.0,-20026228.0,0.0,0.0,50.0,100.0,30.0,Needs Improvement,False
SLV,2021.0,El Salvador,3.0666666666666664,0.2000000000000001,42156698.0,32864080.0,77.95695953226696,9292618.0,77.95695953226696,0.0,39.99999999999999,77.95695953226698,50.87632774274683,Moderately Effective,True
SLV,2022.0,El Salvador,3.1750000000000003,0.0,114317607.0,45986664.0,40.22710517374633,68330943.0,40.22710517374633,0.0,50.0,40.22710517374634,32.124907845560486,Needs Improvement,False
SLV,2023.0,El Salvador,3.127272727272727,0.0,98416155.0,34483835.0,35.038795205929354,63932320.0,35.038795205929354,0.0,50.0,35.03879520592935,29.271337363261146,Critical - Underfunded,False
SLV,2024.0,El Salvador,3.1166666666666667,0.0,86585525.0,34308415.0,39.62373040990396,52277110.0,39.62373040990396,100.0,50.0,39.62373040990397,56.79305172544718,Moderately Effective,True
SLV,2025.0,El Salvador,2.9333333333333336,-0.2000000000000001,66923449.0,21482882.0,32.10067968851994,45440567.0,32.10067968851994,58.83957889898754,60.00000000000001,32.100679688519946,44.365268553432855,Needs Improvement,False
SOM,2020.0,Somalia,4.3,-0.5999999999999996,1009926527.0,1098269541.0,108.74746940873254,-88343014.0,100.0,0.0,79.99999999999999,100.0,71.0,Highly Effective,True
SOM,2021.0,Somalia,4.4,0.4000000000000003,1122532052.0,1115148694.0,99.34225860305324,7383358.0,99.34225860305324,0.0,29.999999999999986,99.34225860305324,60.63824223167928,Highly Effective,True
SOM,2022.0,Somalia,4.366666666666667,0.0,2278741645.0,2380701138.0,104.47437704154478,-101959493.0,100.0,0.0,50.0,100.0,65.0,Highly Effective,True
SOM,2023.0,Somalia,4.672727272727273,0.2999999999999998,2615296968.0,1348957878.0,51.57952976298483,1266339090.0,51.57952976298483,0.0,35.00000000000001,51.57952976298484,35.36874136964166,Needs Improvement,False
SOM,2024.0,Somalia,4.658333333333333,0.1000000000000005,1595623827.0,1052779681.0,65.979190281921,542844146.0,65.979190281921,100.0,44.99999999999997,65.979190281921,70.28855465505654,Highly Effective,True
SOM,2025.0,Somalia,4.325,-0.1000000000000005,1430543255.0,488342378.0,34.13684810250635,942200877.0,34.13684810250635,100.0,55.00000000000003,34.13684810250635,54.7752664563785,Moderately Effective,True
SSD,2020.0,South Sudan,4.300000000000001,-0.2000000000000001,1899937964.0,1505347390.0,79.23139694681105,394590574.0,79.23139694681105,0.0,60.00000000000001,79.23139694681105,55.57726832074608,Moderately Effective,True
SSD,2021.0,South Sudan,4.441666666666666,0.3999999999999994,1677772788.0,1485725918.0,88.55346377211598,192046870.0,88.55346377211598,0.0,30.00000000000003,88.55346377211596,54.70440507466379,Moderately Effective,True
SSD,2022.0,South Sudan,4.533333333333333,-0.1999999999999993,1699588587.0,1434750149.0,84.41749726811975,264838438.0,84.41749726811975,0.0,59.999999999999964,84.41749726811975,58.429623497465855,Moderately Effective,True
SSD,2023.0,South Sudan,4.381818181818182,-0.3000000000000007,2055885216.0,1311757760.0,63.80500962754139,744127456.0,63.80500962754139,0.0,65.00000000000003,63.80500962754139,48.09275529514777,Moderately Effective,True
SSD,2024.0,South Sudan,4.341666666666667,0.4000000000000003,1788817122.0,1409803234.0,78.81203822690154,379013888.0,78.81203822690154,100.0,29.999999999999986,78.81203822690154,74.34662102479584,Highly Effective,True
SSD,2025.0,South Sudan,4.466666666666667,0.0,1694778653.0,843153655.0,49.75007523888136,851624998.0,49.75007523888136,100.0,50.0,49.75007523888135,62.362541381384744,Highly Effective,True
SVK,2022.0,Slovakia,1.82,0.6000000000000001,,,,,0.0,0.0,19.999999999999996,100.0,25.0,Critical - Underfunded,False
SVK,2023.0,Slovakia,1.7454545454545454,-0.1999999999999999,,,,,0.0,0.0,59.99999999999999,100.0,45.0,Moderately Effective,True
SVK,2024.0,Slovakia,1.616666666666667,0.0999999999999998,,,,,0.0,0.0,45.00000000000001,100.0,37.5,Needs Improvement,False
SVK,2025.0,Slovakia,1.7,0.0,,,,,0.0,0.0,50.0,100.0,40.0,Needs Improvement,False
SWZ,2020.0,Eswatini,2.575,0.4000000000000003,,,,,0.0,0.0,29.999999999999986,100.0,29.999999999999993,Critical - Underfunded,False
SWZ,2021.0,Eswatini,2.533333333333333,-0.2000000000000001,,,,,0.0,0.0,60.00000000000001,100.0,45.0,Moderately Effective,True
SWZ,2022.0,Eswatini,2.308333333333333,-0.2000000000000001,,,,,0.0,0.0,60.00000000000001,100.0,45.0,Moderately Effective,True
SWZ,2023.0,Eswatini,2.327272727272727,0.1,,,,,0.0,0.0,45.0,100.0,37.5,Needs Improvement,False
SWZ,2024.0,Eswatini,2.358333333333333,-0.1,,,,,0.0,0.0,55.0,100.0,42.5,Needs Improvement,False
SWZ,2025.0,Eswatini,2.35,0.1,,,,,0.0,0.0,45.0,100.0,37.5,Needs Improvement,False
SYR,2020.0,Syria,4.9,0.0,3817532832.0,2862954400.0,74.99488612125708,954578432.0,74.99488612125708,0.0,50.0,74.99488612125707,51.247187366691385,Moderately Effective,True
SYR,2021.0,Syria,4.933333333333334,0.2999999999999998,4224416702.0,2853230089.0,67.5413977898812,1371186613.0,67.5413977898812,0.0,35.00000000000001,67.54139778988119,44.14776878443466,Needs Improvement,False
SYR,2022.0,Syria,4.641666666666667,-0.4000000000000003,4444280227.0,2825787013.0,63.58255709963358,1618493214.0,63.58255709963358,0.0,70.00000000000001,63.58255709963358,48.970406404798474,Moderately Effective,True
SYR,2023.0,Syria,4.581818181818182,-0.0999999999999996,5811426062.0,3656662646.0,62.9219507740164,2154763416.0,62.9219507740164,0.0,54.99999999999998,62.9219507740164,45.60707292570901,Moderately Effective,True
SYR,2024.0,Syria,4.575,0.0999999999999996,4209822792.0,2035506886.0,48.3513674225934,2174315906.0,48.3513674225934,100.0,45.00000000000002,48.351367422593405,60.593252082426375,Highly Effective,True
SYR,2025.0,Syria,4.525,-0.0999999999999996,3186585280.0,2416847362.0,75.84442748696813,769737918.0,75.84442748696813,0.0,54.99999999999998,75.84442748696812,52.714435117832465,Moderately Effective,True
TCD,2020.0,Chad,4.125,0.0,664641160.0,323827114.0,48.7220974999502,340814046.0,48.7220974999502,0.0,50.0,48.7220974999502,36.79715362497261,Needs Improvement,False
TCD,2021.0,Chad,4.166666666666667,0.2000000000000001,617522407.0,288294356.0,46.68565103581739,329228051.0,46.68565103581739,0.0,39.99999999999999,46.685651035817386,33.677108069699564,Needs Improvement,False
TCD,2022.0,Chad,4.291666666666667,0.1000000000000005,510909899.0,377547133.0,73.8970087952827,133362766.0,73.8970087952827,0.0,44.99999999999997,73.89700879528272,49.64335483740548,Moderately Effective,True
TCD,2023.0,Chad,4.354545454545455,-0.2000000000000001,920624766.0,572699452.0,62.20769559440681,347925314.0,62.20769559440681,0.0,60.00000000000001,62.20769559440681,46.21423257692375,Moderately Effective,True
TCD,2024.0,Chad,3.908333333333333,-0.5999999999999996,1124572823.0,939568587.0,83.54893233979566,185004236.0,83.54893233979566,100.0,79.99999999999999,83.54893233979566,86.9519127868876,Highly Effective,True
TCD,2025.0,Chad,3.95,0.2999999999999998,1454258243.0,529432112.0,36.40564628382856,924826131.0,36.40564628382856,100.0,35.00000000000001,36.40564628382856,52.02310545610571,Moderately Effective,True
TGO,2025.0,Togo,2.322222222222222,-0.1,0.0,8487305.0,0.0,-8487305.0,0.0,0.0,55.0,100.0,31.0,Needs Improvement,False
THA,2020.0,Thailand,2.1,0.0,,,,,0.0,0.0,50.0,100.0,40.0,Needs Improvement,False
THA,2021.0,Thailand,2.0166666666666666,0.1,,,,,0.0,0.0,45.0,100.0,37.5,Needs Improvement,False
THA,2022.0,Thailand,1.8166666666666669,-0.0999999999999998,,,,,0.0,0.0,54.99999999999999,100.0,42.5,Needs Improvement,False
THA,2023.0,Thailand,1.8,0.0,,,,,0.0,0.0,50.0,100.0,40.0,Needs Improvement,False
THA,2024.0,Thailand,2.066666666666667,0.4999999999999998,,,,,0.0,0.0,25.00000000000001,100.0,27.500000000000007,Critical - Underfunded,False
THA,2025.0,Thailand,2.15,-0.1999999999999997,,,,,0.0,0.0,59.999999999999986,100.0,44.99999999999999,Needs Improvement,False
TLS,2021.0,Timor Leste,1.325,-0.0999999999999998,0.0,18136624.0,0.0,-18136624.0,0.0,0.0,54.99999999999999,100.0,31.0,Needs Improvement,False
TLS,2023.0,Timor Leste,2.0,0.0,0.0,8635290.0,0.0,-8635290.0,0.0,0.0,50.0,100.0,30.0,Needs Improvement,False
TLS,2024.0,Timor Leste,2.0,0.0,0.0,6598469.0,0.0,-6598469.0,0.0,0.0,50.0,100.0,30.0,Needs Improvement,False
TLS,2025.0,Timor Leste,2.0,0.0,0.0,11218664.0,0.0,-11218664.0,0.0,0.0,50.0,100.0,30.0,Needs Improvement,False
TON,2022.0,Tonga,1.2666666666666666,-0.1,,,,,0.0,0.0,55.0,100.0,42.5,Needs Improvement,False
TTO,2020.0,Trinidad and Tobago,1.65,0.3,59659922.0,8371778.0,14.032499070313904,51288144.0,14.032499070313904,0.0,35.0,14.032499070313904,14.717874488672647,Critical - Underfunded,False
TTO,2021.0,Trinidad and Tobago,1.7583333333333335,0.0,15720054.0,5698707.0,36.251192266896794,10021347.0,36.251192266896794,0.0,50.0,36.251192266896794,29.938155746793235,Critical - Underfunded,False
TTO,2022.0,Trinidad and Tobago,1.7833333333333332,0.1999999999999999,20890057.0,5026084.0,24.059695002268306,15863973.0,24.059695002268306,0.0,40.00000000000001,24.0596950022683,21.23283225124757,Critical - Underfunded,False
TTO,2023.0,Trinidad and Tobago,1.9545454545454544,-0.1999999999999999,25347063.0,6359513.0,25.0897431390769,18987550.0,25.0897431390769,0.0,59.99999999999999,25.0897431390769,25.799358726492294,Critical - Underfunded,False
TTO,2024.0,Trinidad and Tobago,1.675,-0.1999999999999999,23592989.0,3694936.0,15.66116103389867,19898053.0,15.66116103389867,0.0,59.99999999999999,15.66116103389868,20.613638568644273,Critical - Underfunded,False
TTO,2025.0,Trinidad and Tobago,1.4083333333333332,-0.1999999999999999,19461087.0,1108686.0,5.696937689040699,18352401.0,5.696937689040699,0.0,59.99999999999999,5.696937689040709,15.133315728972386,Critical - Underfunded,False
TUN,2020.0,Tunisia,,,0.0,29634312.0,0.0,-29634312.0,0.0,0.0,50.0,100.0,30.0,Needs Improvement,False
TUN,2021.0,Tunisia,,,0.0,38147519.0,0.0,-38147519.0,0.0,0.0,50.0,100.0,30.0,Needs Improvement,False
TUN,2022.0,Tunisia,1.8,0.0,0.0,26541561.0,0.0,-26541561.0,0.0,0.0,50.0,100.0,30.0,Needs Improvement,False
TUN,2023.0,Tunisia,1.9181818181818184,0.1999999999999999,0.0,19103118.0,0.0,-19103118.0,0.0,0.0,40.00000000000001,100.0,28.0,Critical - Underfunded,False
TUN,2024.0,Tunisia,2.2916666666666665,-0.1999999999999997,0.0,8918154.0,0.0,-8918154.0,0.0,0.0,59.999999999999986,100.0,32.0,Needs Improvement,False
TUN,2025.0,Tunisia,1.7666666666666666,-0.3,0.0,10561384.0,0.0,-10561384.0,0.0,0.0,65.0,100.0,33.0,Needs Improvement,False
TUR,2020.0,Turkey,3.25,0.0999999999999996,1302418561.0,803998430.0,61.7311864307806,498420131.0,61.7311864307806,0.0,45.00000000000002,61.7311864307806,42.95215253692933,Needs Improvement,False
TUR,2021.0,Turkey,3.283333333333333,0.1999999999999997,1035041654.0,977644139.0,94.45456955493697,57397515.0,94.45456955493697,0.0,40.000000000000014,94.45456955493697,59.95001325521534,Moderately Effective,True
TUR,2022.0,Turkey,3.1750000000000003,-0.3999999999999999,1163688761.0,720675363.0,61.93025035153708,443013398.0,61.93025035153708,0.0,70.0,61.93025035153708,48.061637693345396,Moderately Effective,True
TUR,2023.0,TÃ¼rkiye,3.472727272727273,0.6000000000000001,1903148187.0,1436195336.0,75.46418853825175,466952851.0,75.46418853825175,0.0,19.999999999999996,75.46418853825175,45.50530369603846,Moderately Effective,True
TUR,2024.0,TÃ¼rkiye,3.533333333333333,-0.1,914301602.0,255714160.0,27.968250240471527,658587442.0,27.968250240471527,0.0,55.0,27.96825024047152,26.382537632259336,Critical - Underfunded,False
TUR,2025.0,TÃ¼rkiye,3.5583333333333336,0.1,740852304.0,74551369.0,10.062919234708893,666300935.0,10.062919234708893,0.0,45.0,10.062919234708886,14.534605579089888,Critical - Underfunded,False
TZA,2020.0,Tanzania,1.7,0.0,158874105.0,64970893.0,40.89457687267538,93903212.0,40.89457687267538,0.0,50.0,40.89457687267538,32.49201727997146,Needs Improvement,False
TZA,2021.0,Tanzania,2.091666666666667,0.8,206718488.0,35170576.0,17.01375447366856,171547912.0,17.01375447366856,0.0,10.0,17.013754473668556,11.357564960517706,Critical - Underfunded,False
TZA,2022.0,Tanzania,2.583333333333333,0.2000000000000001,90315733.0,86239265.0,95.48642538282893,4076468.0,95.48642538282893,0.0,39.99999999999999,95.48642538282893,60.51753396055591,Highly Effective,True
TZA,2023.0,Tanzania,2.672727272727273,-0.0999999999999996,83932626.0,82007745.0,97.7066355579057,1924881.0,97.7066355579057,0.0,54.99999999999998,97.7066355579057,64.73864955684813,Highly Effective,True
TZA,2024.0,Tanzania,2.6083333333333334,-0.3999999999999999,94132855.0,40990708.0,43.545590962900256,53142147.0,43.545590962900256,0.0,70.0,43.54559096290025,37.95007502959514,Needs Improvement,False
TZA,2025.0,Tanzania,2.5,0.0,101942760.0,21537116.0,21.12667540097992,80405644.0,21.12667540097992,0.0,50.0,21.12667540097992,21.619671470538954,Critical - Underfunded,False
UGA,2020.0,Uganda,3.0,0.2000000000000001,200157127.0,255492912.0,127.64617269911153,-55335785.0,100.0,0.0,39.99999999999999,100.0,63.0,Highly Effective,True
UGA,2021.0,Uganda,3.141666666666667,0.1,767364443.0,216947975.0,28.271830546623335,550416468.0,28.271830546623335,0.0,45.0,28.271830546623335,24.549506800642835,Critical - Underfunded,False
UGA,2022.0,Uganda,3.208333333333333,0.0999999999999996,816532220.0,337978711.0,41.39196258538334,478553509.0,41.39196258538334,0.0,45.00000000000002,41.39196258538335,31.765579421960844,Needs Improvement,False
UGA,2023.0,Uganda,3.2181818181818183,-0.0999999999999996,846254062.0,292928275.0,34.61469647870358,553325787.0,34.61469647870358,0.0,54.99999999999998,34.61469647870358,30.038083063286965,Needs Improvement,False
UGA,2024.0,Uganda,3.2416666666666667,0.0999999999999996,908793352.0,356802192.0,39.26109177788087,551991160.0,39.26109177788087,0.0,45.00000000000002,39.26109177788087,30.59360047783448,Needs Improvement,False
UGA,2025.0,Uganda,3.275,-0.0999999999999996,827097654.0,154202430.0,18.643799707839577,672895224.0,18.643799707839577,0.0,54.99999999999998,18.643799707839577,21.254089839311764,Critical - Underfunded,False
UKR,2020.0,Ukraine,3.5,0.0,204653234.0,219544560.0,107.27636974454067,-14891326.0,100.0,0.0,50.0,100.0,65.0,Highly Effective,True
UKR,2021.0,Ukraine,3.5583333333333336,0.2000000000000001,167982922.0,173319726.0,103.17699200398478,-5336804.0,100.0,0.0,39.99999999999999,100.0,63.0,Highly Effective,True
UKR,2022.0,Ukraine,4.133333333333334,0.3999999999999994,4292463880.0,4550123998.0,106.00261586825512,-257660118.0,100.0,0.0,30.00000000000003,100.0,61.00000000000001,Highly Effective,True
UKR,2023.0,Ukraine,4.245454545454545,0.2000000000000001,3945656687.0,3613900473.0,91.59186314681007,331756214.0,91.59186314681007,0.0,39.99999999999999,91.59186314681007,58.37552473074554,Moderately Effective,True
UKR,2024.0,Ukraine,4.458333333333333,0.2999999999999998,3107702931.0,2698052041.0,86.8182094912083,409650890.0,86.8182094912083,100.0,35.00000000000001,86.81820949120828,79.75001522016456,Highly Effective,True
UKR,2025.0,Ukraine,4.283333333333333,-0.2000000000000001,2633534010.0,1550882010.0,58.88976577143198,1082652000.0,58.88976577143198,100.0,60.00000000000001,58.88976577143198,69.38937117428759,Highly Effective,True
VCT,2021.0,St. Vincent and the Grenadines,1.54,0.1,0.0,10898472.0,0.0,-10898472.0,0.0,0.0,45.0,100.0,29.0,Critical - Underfunded,False
VEN,2020.0,Venezuela,4.1,0.0,762509363.0,266884387.0,35.00080129507865,495624976.0,35.00080129507865,0.0,50.0,35.00080129507866,29.25044071229326,Critical - Underfunded,False
VEN,2021.0,Venezuela,4.15,0.1000000000000005,708098081.0,365724648.0,51.64886868264229,342373433.0,51.64886868264229,0.0,44.99999999999997,51.64886868264229,37.40687777545325,Needs Improvement,False
VEN,2022.0,Venezuela,4.109090909090909,-0.2000000000000001,794987748.0,317987661.0,39.99906436293909,477000087.0,39.99906436293909,0.0,60.00000000000001,39.99906436293909,33.9994853996165,Needs Improvement,False
VEN,2023.0,Venezuela,4.069999999999999,0.2999999999999998,719581691.0,418309083.0,58.13225770359407,301272608.0,58.13225770359407,0.0,35.00000000000001,58.13225770359408,38.972741736976744,Needs Improvement,False
VEN,2024.0,Venezuela,4.05,-0.2999999999999998,617034811.0,202252762.0,32.778176918773546,414782049.0,32.778176918773546,100.0,64.99999999999999,32.77817691877355,56.02799730532545,Moderately Effective,True
VEN,2025.0,Venezuela,3.875,-0.2000000000000001,606497714.0,120724933.0,19.905257713799067,485772781.0,19.905257713799067,59.24799905050862,60.00000000000001,19.90525771379906,37.75989150521664,Needs Improvement,False
VNM,2020.0,Vietnam,2.4,0.0,0.0,16998671.0,0.0,-16998671.0,0.0,0.0,50.0,100.0,30.0,Needs Improvement,False
VNM,2021.0,Vietnam,2.775,0.5,0.0,11486416.0,0.0,-11486416.0,0.0,0.0,25.0,100.0,25.0,Critical - Underfunded,False
VUT,2020.0,Vanuatu,2.0,0.0,0.0,13401268.0,0.0,-13401268.0,0.0,0.0,50.0,100.0,30.0,Needs Improvement,False
VUT,2021.0,Vanuatu,2.0,0.0,0.0,889298.0,0.0,-889298.0,0.0,0.0,50.0,100.0,30.0,Needs Improvement,False
VUT,2023.0,Vanuatu,2.2666666666666666,0.0999999999999996,0.0,11106944.0,0.0,-11106944.0,0.0,0.0,45.00000000000002,100.0,29.000000000000007,Critical - Underfunded,False
YEM,2020.0,Yemen,4.6,0.0,3382681703.0,2248244275.0,66.46337055615072,1134437428.0,66.46337055615072,0.0,50.0,66.46337055615072,46.5548538058829,Moderately Effective,True
YEM,2021.0,Yemen,4.808333333333334,0.2000000000000001,3853456397.0,3682339663.0,95.55939612724778,171116734.0,95.55939612724778,0.0,39.99999999999999,95.55939612724778,60.557667869986275,Highly Effective,True
YEM,2022.0,Yemen,4.718181818181818,-0.2000000000000001,4271938417.0,3409464068.0,79.8107026644434,862474349.0,79.8107026644434,0.0,60.00000000000001,79.8107026644434,55.89588646544387,Moderately Effective,True
YEM,2023.0,Yemen,4.67,0.0,4344155316.0,2860129736.0,65.83856993938106,1484025580.0,65.83856993938106,0.0,50.0,65.83856993938105,46.211213466659586,Moderately Effective,True
YEM,2024.0,Yemen,4.7,0.2000000000000001,2705762394.0,2758894701.0,101.9636723134973,-53132307.0,100.0,100.0,39.99999999999999,100.0,88.0,Highly Effective,True
YEM,2025.0,Yemen,4.566666666666666,-0.2000000000000001,2478772922.0,1365959278.0,55.10626914940941,1112813644.0,55.10626914940941,100.0,60.00000000000001,55.10626914940941,67.30844803217518,Highly Effective,True
ZMB,2020.0,Zambia,2.725,-0.0999999999999996,215149947.0,42892237.0,19.93597376995868,172257710.0,19.93597376995868,0.0,54.99999999999998,19.93597376995868,21.964785573477272,Critical - Underfunded,False
ZMB,2021.0,Zambia,2.8083333333333336,0.1999999999999997,74681142.0,27379660.0,36.66207996658648,47301482.0,36.66207996658648,0.0,40.000000000000014,36.66207996658648,28.16414398162257,Critical - Underfunded,False
ZMB,2022.0,Zambia,2.88,0.0,65179947.0,9360329.0,14.360749633625813,55819618.0,14.360749633625813,0.0,50.0,14.360749633625815,17.898412298494197,Critical - Underfunded,False
ZMB,2023.0,Zambia,2.96,0.1,36332377.0,10191904.0,28.0518502821877,26140473.0,28.0518502821877,0.0,45.0,28.0518502821877,24.428517655203237,Critical - Underfunded,False
ZMB,2024.0,Zambia,3.4416666666666664,0.2999999999999998,138244332.0,61810735.0,44.71122548445603,76433597.0,44.71122548445603,0.0,35.00000000000001,44.71122548445603,31.591174016450815,Needs Improvement,False
ZMB,2025.0,Zambia,3.2583333333333333,-0.3999999999999999,123986655.0,43078242.0,34.74425695249219,80908413.0,34.74425695249219,0.0,70.0,34.74425695249218,33.1093413238707,Needs Improvement,False
ZWE,2020.0,Zimbabwe,3.55,-0.2000000000000001,800770933.0,274316727.0,34.25657896601,526454206.0,34.25657896601,0.0,60.00000000000001,34.25657896601,30.841118431305496,Needs Improvement,False
ZWE,2021.0,Zimbabwe,3.525,0.2999999999999998,506971461.0,157724716.0,31.11116268534887,349246745.0,31.11116268534887,0.0,35.00000000000001,31.111162685348873,24.111139476941883,Critical - Underfunded,False
ZWE,2022.0,Zimbabwe,3.82,0.1,0.0,99327730.0,0.0,-99327730.0,0.0,0.0,45.0,100.0,29.0,Critical - Underfunded,False
ZWE,2023.0,Zimbabwe,3.55,-0.3999999999999999,0.0,81359816.0,0.0,-81359816.0,0.0,0.0,70.0,100.0,34.0,Needs Improvement,False
ZWE,2024.0,Zimbabwe,3.6916666666666655,0.2000000000000001,286191117.0,131154863.0,45.827719733173964,155036254.0,45.827719733173964,0.0,39.99999999999999,45.827719733173964,33.20524585324568,Needs Improvement,False
ZWE,2025.0,Zimbabwe,3.65,-0.1,143095554.0,31253888.0,21.841271183030607,111841666.0,21.841271183030607,0.0,55.0,21.841271183030614,23.012699150666837,Critical - Underfunded,False
